Id,NAME,ADDRESS,CITY,STATE,ZIP,LAT,LON,PHONE,REVENUE,UTILIZATION
74ab949d-17ac-3309-83a0-13b4405c66aa,Fitchburg Outpatient Clinic,881 Main Street,Fitchburg,MA,01420,42.586487,-71.80521,978-342-9781 Or 978-342-9781,0.0,125
17a4bae5-8b64-34d7-8144-b428be027bd0,NURSE ON CALL,512 MAIN STREET  SUITE 211,SHREWSBURY,MA,015456406,42.295109499999995,-71.71808471110307,5088451232,0.0,5
e09d4c49-c2ef-3b0f-9a46-3719d9219306,UMASS MEMORIAL HEALTHALLIANCE CLINTON HOSPITAL INC,60 HOSPITAL RD,LEOMINSTER,MA,014533290,42.54031915,-71.76312990486304,9784662000,0.0,83
ae88fd02-4911-3625-9e97-85b626ed3b0b,FAIRHAVEN HEALTHCARE CENTER INC.,476 VARNUM AVE,LOWELL,MA,018542122,42.6443795,-71.34721987550876,9784583388,0.0,1
ab701a70-a658-340e-8f69-ee196a7d40c6,CAREWELL URGENT CARE CENTERS OF MA  PC,484 RTE 134,WORCESTER,MA,016071728,42.2625621,-71.8018877,5086947901,0.0,18
11ba6a26-59b4-3728-a268-6dc9929962b4,COURTYARD NURSING CARE CENTER,200 GOVERNORS AVENUE,MEDFORD,MA,021551644,42.42711615,-71.1121606632448,7813915400,0.0,6
8a2e2731-3240-39d1-b4f0-cad14200937d,MORTON HOSPITAL  A STEWARD FAMILY HOSPITAL  INC.,88 WASHINGTON ST,TAUNTON,MA,027802465,41.9062805,-71.09518121351795,6174194772,0.0,73
88e28a1c-aad9-36d0-832b-b579ecb95c3d,LEOMINSTER COMUNITY HEALTH CENTER,14 MANNING AVENUE,LEOMINSTER,MA,014535768,42.5253035,-71.7584413,9788470110,0.0,43
1311c44a-85cb-3aea-a143-e5d7892ced8b,GROVE HILL MEDICAL CENTER PC,300 KENSINGTON AVE,SPRINGFIELD,MA,011071139,42.091896,-72.559437,8602246201,0.0,13
667b46fe-0afa-3f70-a311-bbe3d52db050,URGENT CARE CENTERS OF CENTRAL MASSACHUSETTS LLC,757 BOSTON POST RD,WORCESTER,MA,016071728,42.231371,-72.165386,6173024194,0.0,1
a4af40b8-0ddb-34bb-ae4a-95a17e9ad6f3,COMPASSIONATE CARE HOSPICE OF SOUTHEASTERN MASS LL,100 MYLES STANDISH BOULEVARD  SUITE 103,TAUNTON,MA,027807340,41.948930849999996,-71.14141318475193,5083995900,0.0,2
f945589f-88aa-366b-9e9d-2418d091112d,CENTER FOR DIGESTIVE WELLNESS PC,105 ERDMAN WAY,LEOMINSTER,MA,014531805,42.54685255,-71.75737313871981,9785377552,0.0,29
bdc3ee76-9cf3-316d-b202-a8da1ea3fa20,KINDRED HOSPICE,130 RUMFORD AVENUE  SUITE 211,AUBURNDALE,MA,024661370,42.35853505,-71.24125521214887,6176634997,0.0,1
5d4da50c-8593-304f-b266-57d8f7d634a2,WELLMAN HEALTHCARE GROUP INC,250 SHEARER ST,PALMER,MA,010691428,42.168634600000004,-72.33353526811578,4132838361,0.0,1
5fcff9db-16e4-3e56-aa78-abbc16338097,THE LOWELL GENERAL HOSPITAL,295 VARNUM AVE,WESTFORD,MA,018863513,42.5792583,-71.4378411,9789376000,0.0,54
1ddd51d1-7297-3c3b-bad5-98aecd5e4a79,BAYADA HOME HEALTH CARE  INC,127 CAMBRIDGE STREET  SUTIE #2B,BURLINGTON,MA,018033735,42.50188325,-71.19559351572005,6174721333,0.0,20
2e1eaaf1-ebb0-332c-8921-f48e15b91879,ALLIANCE HEALTH AT MARINA BAY,2 SEAPORT DRIVE,QUINCY,MA,021711599,42.29287335,-71.03019020136307,6177695100,0.0,13
609ec9f1-e806-3427-b912-9e3b2915521d,HOLYOKE VISITING NURSE ASSOC,575 BEECH STREET,HOLYOKE,MA,010406604,42.20105435,-72.628169560868,4135345691,0.0,4
bb3d48eb-0c30-34f4-8950-790fc984741b,SOUTH END COMMUNITY HEALTH CENTER INC,1601 WASHINGTON STREET,BOSTON,MA,021181951,42.3381394,-71.0748562,6174252000,0.0,71
365eae93-6352-3d48-9a8d-dc9fa4b917be,WACHUSETT REHABILITATION AND NURSING CENTER LLC,32 HOSPITAL HILL RD,GARDNER,MA,014402302,42.572366450000004,-71.97690789055164,9786325477,0.0,2
2b84e56e-08b4-3078-b3ea-4d159208e065,HORIZONS HEALTH & WELLNESS LLC,1029 PLEASANT ST,BRIDGEWATER,MA,023242301,41.9718173,-71.00937893001648,7815859522,0.0,36
05137a62-1a8f-34ff-8baf-a0c35c238ea0,BAYADA HOME HEALTH CARE   INC,750  ATTUCKS LANE,HYANNIS,MA,026011950,41.676027500000004,-70.29727035,5087788800,0.0,8
a14e698d-a9ba-3eae-9c8b-682ec726433d,LYNN URGENT CARE LLC,776 WESTERN AVE,LYNN,MA,019052408,42.466763,-70.9494939,6178939901,0.0,106
a247ed53-5f17-3eb5-87be-1d2257fa1579,LEOMINSTER REHABILITATION AND NURSING CENTER LLC,44 KEYSTONE DR,LEOMINSTER,MA,014531904,42.55144955,-71.74402465363428,9785379327,0.0,1
4c1a8ea6-b690-3c28-a02e-ebd82190ee65,SOUTH COVE COMMUNITY HEALTH CENTER  INC,885 WASHINGTON ST,BOSTON,MA,021111415,42.3479909,-71.064924,6174827555,0.0,23
5ba6765a-f335-36b0-9c6a-6bb494c5330d,URGENT CARE MEDICAL ASSOCIATES  LLC,31 OLD ROUTE 7,WESTWOOD,MA,020902333,42.2139873,-71.2244987,2038850808,0.0,1
b6eeaaf7-1683-3bcb-b6ee-81ce304636ef,MELROSEWAKEFIELD HEALTHCARE  INC,170 GOVERNORS AVE,MELROSE,MA,021763225,42.4564323,-71.064182,7819793050,0.0,365
65eda534-1bdc-3192-8d02-1c3764447790,PERSONAL PHYSICIANS HEALTHCARE PC,1244 BOYLSTON ST,CHESTNUT HILL,MA,024672115,42.3214927,-71.1711481,6177310058,0.0,55
d613e441-68e8-3502-8adb-3f770a1276bf,PALMER FAMILY SERVICES LLC,114 WATER ST,MILFORD,MA,017573007,42.13661855,-71.53474614336832,5084782008,0.0,30
6c064003-fa5a-38a5-b48c-36c5a9643e2b,RUMANA HOME CARE INC,2343 WASHINGTON ST,ROXBURY,MA,021193200,42.329843,-71.084608,6176510707,0.0,26
ace1ac31-036a-38fd-b451-b3b87157c717,BOSTON HEALTH CARE FOR THE HOMELESS PROGRAM INC,170 MORTON ST,BOSTON,MA,021303735,42.299067750000006,-71.10124351911541,6179830351,0.0,44
18061fd5-fda8-3e2d-87f0-0f3c87211bcc,CAMBRIDGE PUBLIC HEALTH COMMISSION,1493 CAMBRIDGE ST,SOMERVILLE,MA,021431408,42.3875968,-71.0994968,6176651000,0.0,46
1faab3d1-2ae5-3110-8e5f-c65b92ca906d,FAIRVIEW HOSPITAL,29 LEWIS AVE,GREAT BARRINGTON,MA,012301713,42.19093125,-73.3715000043024,4135280790,0.0,57
c64c848c-0315-3115-87fa-80c360bb6a73,FENWAY COMMUNITY HEALTH CENTER  INC,142 BERKELEY ST,BOSTON,MA,021164608,42.3489076,-71.0721378,6172477555,0.0,69
4633340c-c833-30a3-ab0e-f5cfa5fda28b,CHAIR CITY FAMILY MEDICINE  PC,250 GREEN ST,GARDNER,MA,014401377,42.586896550000006,-71.98672640006858,9786304455,0.0,46
b3ada130-6443-3a8e-98c7-4ec127a2b0c4,LIFE CARE CENTER OF ACTON,ONE GREAT ROAD,ACTON,MA,017205601,42.4850931,-71.43284,9782639101,0.0,2
b71f6077-fcfe-3cfd-85f3-4169b4df3240,ALLIANCE HOME CARE VISITING NURSE AGENCY  INC.,331 MONTVALE AVE,WOBURN,MA,018016592,42.479166000000006,-71.11827360664039,7814209344,0.0,25
acffdfa8-1383-3929-8c99-e73969491439,BRIGHAM AND WOMEN'S FAULKNER HOSPITAL  INC.,1153 CENTRE ST,BOSTON,MA,021303446,42.3017598,-71.12855793387442,6179837470,0.0,8
45ce6eff-535b-37e2-bed3-1946200aa03f,WORCESTER RECOVERY CENTER AND HOSPITAL,309 BELMONT STREET,WORCESTER,MA,016041059,42.280233499999994,-71.7694812367883,5087524681,0.0,19
fe30f2b4-9bc8-346e-afba-4455d1766545,KATZMAN FAMILY CENTER FOR LIVING,17 LAFAYETTE AVENUE,CHELSEA,MA,021502010,42.40019115,-71.03050082480353,6178846766,0.0,9
6cf8a214-8d57-3267-85e5-7719e15cd63e,LEMUEL SHATTUCK HOSPITAL,170 MORTON STREET,JAMAICA PLAIN,MA,021303735,42.299067750000006,-71.10124351911541,6175228110,0.0,266
13161e5b-02d2-3d19-8b48-26ef0becfc83,LEONARD FLORENCE CENTER FOR LIVING,165 CAPTAIN'S ROW,CHELSEA,MA,021504019,42.3917638,-71.0328284,6178870001,0.0,16
1c1f5e47-531c-368e-bbaa-f3e5cd8638a7,METROPOLITAN HOME CARE LLC,290 CENTRE ST STE 203,NEWTON,MA,024581641,42.35826483333334,-71.18497150833333,6176581888,0.0,24
0fedae9f-701f-3317-9b2f-69aea2202cdc,BOSTON MEDICAL CENTER CORPORATION-,88 EAST NEWTON STREET,WINTHROP,MA,021522715,42.3750976,-70.982827,6176388000,0.0,133
4b7c1695-a178-3e03-8651-51acfd3b8372,DOCTORS JAMES AND KELLY HOYE PARTNERS IN FAMILY CARE,600 OLD SOMERSET AVE,NORTH DIGHTON,MA,027641824,41.86399,-71.1244904,5088247557,0.0,63
5c2e4b0c-fb84-3f95-bbec-a96c18600bf5,HERITAGE HALL WEST,61 COOPER ST,AGAWAM,MA,010012149,42.0804485,-72.61914987322373,4137868000,0.0,4
6adc9d34-9b73-3285-abb7-56e567f1ba26,WELLESLEY HEALTHCARE SOLUTIONS LLC,271 NAHANT RD,NAHANT,MA,019081341,42.42554385,-70.91995214383596,7815810420,0.0,1
981338c4-287c-3621-bc45-8b0b9f1b8922,DR. HE'S PRIMARY CARE FOR ADULTS INC,640 BOLTON ST,MARLBOROUGH,MA,017523999,42.3658183,-71.55914630258509,5084810200,0.0,29
e59fb2d5-508c-38c6-af2e-21d8216dd2b0,BAYSTATE MEDICAL CENTER,759 CHESTNUT ST,WARE,MA,010821625,42.256476,-72.237482,4137940000,0.0,34
7a3b8310-02eb-3c47-aa1b-3f55b3ed9de9,ON CALL URGENT CARE  LLC,6 HATFIELD ST,NORTHAMPTON,MA,010602545,42.333172950000005,-72.6566355591273,4135847425,0.0,1
ecadbc11-930c-3903-b706-f8ef4bc9089e,PRIMARY CARE ASSOCIATES LLC,780 CHESTNUT ST,SPRINGFIELD,MA,011031109,42.1211633,-72.60614164702717,4137872800,0.0,77
980d9bfa-a344-3bff-8c02-232dd0e8fd34,EDEN HOME HEALTH CARE LLC,100 TRADE CENTER SUITE G-700,WOBURN,MA,018011851,42.4792618,-71.1522766,7812025401,0.0,58
440fa4b8-c731-3cf5-81d9-aa3f30a37b95,LAHEY HOSPITAL & MEDICAL CENTER  BURLINGTON,41 & 45 MALL ROAD,PEABODY,MA,019602901,42.5278731,-70.9286609,7817445100,0.0,170
0fab3c4e-a028-39a6-b15a-be5a88b6aa2a,ENCOMPASS HEALTH REHAB HOSPITAL OF WESTERN MASS,222 STATE STREET,LUDLOW,MA,010563437,42.15547415,-72.47222226666076,4135897581,0.0,2
3b021cb6-4745-3d9d-8436-230055f770bd,BETH ISRAEL DEACONESS HOSPITAL-NEEDHAM  INC.,148 CHESTNUT ST,NEEDHAM,MA,024943238,42.27728075,-71.23665362814043,7814533000,0.0,26
aaa7ebaf-b1a0-38c1-ba89-a16712cf431c,BRIDGEWATER NURSING HOME,16 PLEASANT STREET,BRIDGEWATER,MA,023242420,41.98625885,-70.97978204646246,5086974616,0.0,4
ce53c877-0290-390a-b4b4-2462001a1713,CIRCLE HOME,847 ROGERS STREET  SUITE 201,LOWELL,MA,018524345,42.6275246,-71.27673639687623,9784599343,0.0,5
e9a24be5-b0a3-3fd2-a606-dd13498024ea,NORTON HEALTH CARE PC,85 E MAIN ST STE A,NORTON,MA,027662307,41.971697,-71.17689334021827,5089301927,0.0,15
57e4e5fa-d68d-3caa-a5ad-37beb1b51207,STEWARD NORWOOD HOSPITAL INC,800 WASHINGTON ST,NORWOOD,MA,020623487,42.1886973,-71.2005241,7812784120,0.0,1
2befa435-3070-3350-a15c-e43ac1e84b24,HOLYOKE VISITING NURSE ASSOC & HOSPICE LIFE CARE,575 BEECH STREET,HOLYOKE,MA,010406604,42.20105435,-72.628169560868,4135345691,0.0,11
00ffb204-07b4-3c72-a678-fa252e6cf86c,BEDFORD-LEXINGTON INTERNAL MEDICINE  PC,450 BEDFORD ST,LEXINGTON,MA,02420,42.47370735,-71.25090005,7812746274,0.0,108
ad82d624-72eb-3c7d-a76d-79f2668d1390,WOODLAND INTERNISTS  P.C.,3 WOODLAND RD,STONEHAM,MA,021801711,42.452443099999996,-71.08939988105112,7816627990,0.0,76
b8421363-9807-3b16-a146-95336eea5cfb,COOLEY DICKINSON HOSPITAL INC,30 LOCUST ST,NORTHAMPTON,MA,010602052,42.33032115,-72.65330802608176,4135822000,0.0,255
8424b5ec-ba0a-32e9-94ae-a9d397884093,GENTLE HOME CARE SERVICES,49 BLANCHARD STREET  SUITE 101,LAWRENCE,MA,018431456,42.69651155,-71.1612176954981,9782588479,0.0,3
24460683-f514-37ef-98c1-724b2fc9aa2a,THE COMMONWEALTH OF MASSACHUSETTS,60 HODGES AVE,TAUNTON,MA,027803034,41.91158935,-71.10129620180315,5089773110,0.0,10
3076e02a-deac-3e81-96a9-1d32cbda6fca,GARDNER REHABILITATION AND NURSING CENTER,59 EASTWOOD CIRCLE,GARDNER,MA,014403901,42.567006649999996,-71.97817904424542,9786328776,0.0,4
fbd4ccdf-2fdb-3652-9bbe-1ccff886bd34,CROWN HOME HEALTHCARE MA  INC,320 CENTRAL STREET  UNIT A2,SAUGUS,MA,019062372,42.4632069,-71.0093761,7812153815,0.0,16
b8e724d5-b999-3029-8a2d-ad30fbd0b9ce,BROCKTON NEIGHBORHOOD HEALTH CENTER  INC,63 MAIN ST,BROCKTON,MA,023014042,42.084598840000005,-71.01995972,5085596699,0.0,29
901c2d40-1ca3-3879-9a20-c663b8adc0a9,TUFTS MEDICAL CENTER,800 WASHINGTON STREET,STONEHAM,MA,021802445,42.4863168,-71.0928919,6176365000,0.0,230
b9e35b8a-9831-32d8-a6dc-d7a546c126b0,VIBRA HOSPITAL OF WESTERN MASS - CENTRAL CAMPUS,111 HUNTOON MEMORIAL HIGHWAY  1ST FLOOR,SPRINGFIELD,MA,011092550,42.1018764,-72.5886727,4137876700,0.0,7
22249c0a-8ce9-3726-a3bb-b037c773ce5c,BOSTONIAN NURSING CARE & REHABILITATION CTR  THE,337 NEPONSET AVENUE,DORCHESTER,MA,021223103,42.2875144,-71.0470691675753,6172652350,0.0,1
b1965e0b-9ef4-3e96-bad6-cb88ea7e7324,MARTHA'S VINEYARD HOSPITAL INC,1 HOSPITAL RD,OAK BLUFFS,MA,025571406,41.46063105,-70.57989080295974,5086930410,0.0,33
38508743-50d1-3429-8fe2-37e42ddaf20e,BAYSTATE FRANKLIN MEDICAL CENTER,164 HIGH ST,GREENFIELD,MA,013012778,42.595268700000005,-72.59288632376354,4137730211,0.0,186
2f735290-1603-31b5-b561-7c8e0d413170,BL HEALTHCARE INC DELEWARE,100 FOXBOROUGH BLVD STE 230,FOXBOROUGH,MA,020352878,42.041851949999995,-71.23486657070565,5085434150,0.0,54
e1818b21-4458-3b9c-b2b8-7ed6f57ae078,LIFE CARE CENTER OF WILBRAHAM,2399 BOSTON ROAD,WILBRAHAM,MA,010951185,42.14668485,-72.45048427046072,4135963111,0.0,9
8d110f42-6f75-3751-b0c5-b45ab08333a1,MORTON HOSPITAL,88 WASHINGTON ST,TAUNTON,MA,027802465,41.9062805,-71.09518121351795,5088287000,0.0,10
dd3307db-114c-3f11-be44-a9eef6bb3fc5,LYNN COMMUNITY HEALTH,269 UNION STREET,LYNN,MA,019011201,42.4652772,-70.94362420273097,7815962502,0.0,109
15d4c950-4691-3996-b4c4-bf06bfb58ff7,HOLY FAMILY HOSPITAL,70 EAST ST,METHUEN,MA,018445883,42.7285558,-71.16833738237946,9786870151,0.0,12
5018c664-e283-30eb-932a-529d9a19b3b5,FIRST PSYCHIATRIC PLANNERS  INC,300 SOUTH ST,WOBURN,MA,018014979,42.473347,-71.144086,6174690300,0.0,141
2e8b42f8-4300-30a9-a576-d513d1021a0a,GREATER LOWELL FAMILY PRACTICE PC,600 CLARK RD,TEWKSBURY,MA,018761699,42.63120935,-71.27023603178071,9784538446,0.0,36
0caa0116-ef9a-3d4c-bcff-9c405a9d2bda,TRANQUILITY HEALTH AND WELLNESS PROFESSIONALS LLC,105 CHESTNUT ST STE 35,PLYMOUTH,MA,023604054,41.884685,-70.847219,5085633003,0.0,34
d4e48a16-0a60-3e90-81e5-c35b22ffe6af,GREEN MOUNTAIN URGENT CARE LLC,856 STATE RD,NORTH ADAMS,MA,012473027,42.69967208677275,-73.16330754755236,6035264635,0.0,1
4ff8b164-4cf5-3ab4-b0f2-7ce8fda920e5,CARDIOVASCULAR CENTER AT TUFTS MEDICAL CENTER INC,800 WASHINGTON ST,WORCESTER,MA,016550002,42.180483,-71.867782,6176365000,0.0,166
39c15c0f-5c49-311e-99d2-1fb99d80e06e,HARBOR HEALTH SERVICES INC,398 NEPONSET AVE,DORCHESTER,MA,021223134,42.286764399999996,-71.04402811508834,6172823200,0.0,83
bccd7d67-203c-3d93-b6b0-bff5a146cd1d,CARECENTRAL URGENT CARE MEDICAL GROUP PC,286 WASHINGTON ST,STOUGHTON,MA,020721763,42.1384306,-71.1022598,7813412800,0.0,38
07baae96-3d74-3c69-a845-dad7b792eb52,EMTAR HEALTH CARE INC,42 ASBURY ST,SOUTH HAMILTON,MA,019821808,42.61322825,-70.87300675048934,9784684101,0.0,42
63cb4d95-04a9-3a35-b5d9-f89e0377a48d,STURDY MEMORIAL HOSPITAL INC,211 PARK ST,ATTLEBORO,MA,027033143,41.9419187,-71.2752081695297,5082368110,0.0,74
4e880cb9-1ca0-3582-b8cf-8a59b0d2b878,BERKSHIRE INTERNAL MEDICINE LLC,51 S CHURCH ST,PITTSFIELD,MA,012016178,42.44648205,-73.25863241543368,4137688217,0.0,18
a2a41caf-758f-3962-8e5f-e6e603f93d17,VIBRA HOSPITAL OF WESTERN MASSACHUSETTS LLC,111 HUNTOON MEMORIAL HWY,ROCHDALE,MA,015421305,42.2020225,-71.89891616754682,5088926000,0.0,230
db28cc9a-fdfb-35a6-aef7-ab9b933ef244,CAMBRIDGE REHABILITATION & NURSING CENTER,8 DANA STREET,CAMBRIDGE,MA,021385402,42.3694992,-71.11011030010101,6178644267,0.0,16
ee6705d5-db4a-3120-bbe1-1e72972a841f,LOWELL COMMUNITY HEALTH CENTER  INC.,101 JACKSON ST,LOWELL,MA,018522103,42.64221447368421,-71.31029421052632,9784411700,0.0,45
a6fb79e7-4abb-3a68-b62d-e501427fdca4,AUBURN PRIMARY CARE AND AESTHETICS,489 WASHINGTON ST STE 202,AUBURN,MA,015015709,42.187836,-71.83104,5087969211,0.0,45
4e3c60e6-dbed-32c3-9b03-767d7fbc82b0,LEEDS MA SNF LLC,222 RIVER RD,LEEDS,MA,010539783,42.364084399999996,-72.70745188531934,4135848457,0.0,1
81b1ef2b-8d3c-3923-859d-ae56099e037a,19 VARNUM STREET OPERATING COMPANY  LLC,19 VARNUM STREET,LOWELL,MA,018502132,42.6520846,-71.29979019978185,9784545644,0.0,1
ea8d287f-b3a9-3800-8798-788e334ee406,NORTH SHORE MEDICAL CENTER INC,81 HIGHLAND AVE,SWAMPSCOTT,MA,019072928,42.4699241,-70.9171507,9783542065,0.0,40
c7542447-e06e-32cb-b6db-243c23a0dbc2,FRANCISCAN HOSPITAL FOR CHILDREN INC,30 WARREN ST,BOSTON,MA,021353602,42.3501483,-71.14393324457691,6172543800,0.0,102
50c47685-8125-3c50-8311-8bd7ba9e9108,BOSTON MEDICAL CENTER CORPORATION-,4199 WASHINGTON ST,ROSLINDALE,MA,021311733,42.2871447,-71.1277526,6173234440,0.0,23
8bf5325a-c11b-35c4-b07d-17a5aeba8353,BEACON HOSPICE  AN AMYEDISYS COMPANY,815 WORCESTER STREET,SPRINGFIELD,MA,011511001,42.1018764,-72.5886727,4132051229,0.0,11
621bd7b5-3f4c-3555-8daa-f1216e352f33,BELMONT MANOR NURSING HOME INC,34 AGASSIZ AVE,BELMONT,MA,024785023,42.38815185,-71.19406248191802,6174891200,0.0,3
0b2738b6-7911-3aa4-8b6e-7e1df7c14fe1,GUARDIAN OP 1 LLC,888 N MAIN ST,BROCKTON,MA,023011668,42.1061239,-71.02807965450519,5085876556,0.0,1
46375470-1e20-3ddc-8dc5-010ba53826b6,BAYSTATE WING HOSPITAL CORPORATION,40 WRIGHT ST,PALMER,MA,010691138,42.16934095,-72.34120457065711,4132837651,0.0,95
aba3e6f6-4562-342e-b90f-dd61b117f394,MEDICAL EXPRESS URGENT CARE CENTER CO INC,438 CHESTNUT STREET,SPRINGFIELD,MA,011072008,42.11291091861002,-72.59692685125127,4137811100,0.0,2
47fb5a56-bee5-3ecd-9958-706b20831c82,BETH ISRAEL LAHEY HEALTH AT HOME,600 CUMMINGS CENTER  SUITE 270X,WOBURN,MA,018016356,42.4792618,-71.1522766,9789212615,0.0,11
72f50aa0-d8c9-34dc-ac58-c428323f3bcd,BOSTON HEALTH CARE FOR THE HOMELESS PROGRAM INC,55 FRUIT ST,BOSTON,MA,021142696,42.36286045,-71.06875296664998,6177262707,0.0,68
1cd20733-c6b9-31f9-b7c7-0c9357fcb560,NEWTON WELLESLEY PRIMARY CARE P C,40 WALNUT ST,WELLESLEY,MA,024812102,42.32553365,-71.25238403429299,7819433000,0.0,29
eee00932-ca82-36bc-b7e8-e3fff6dbaeaa,DANA FARBER CANCER INSTITUTE,450 BROOKLINE AVE,WEYMOUTH,MA,021893141,42.2212188,-70.9391625,6176323000,0.0,2
50c7f768-9138-3dae-a67d-953bdf9ad754,NIGHTINGALE VISITING NURSES,125 COUNTY STREET,TAUNTON,MA,027803561,41.8960599,-71.07799243944345,5089670761,0.0,11
be509ccb-bfb7-3b87-8945-8426b689ef9d,BOSTON HOME  INC (THE),2049 DORCHESTER AVENUE,BOSTON,MA,021244742,42.3554334,-71.060511,6178253905,0.0,3
6f90eaad-abe3-3ce0-b9a6-2031c5674f0d,MYHOME HEALTHCARE PLLC,800 TURNPIKE ST STE 300,NORTH ANDOVER,MA,018456156,42.66074825,-71.10724143845708,9783877087,0.0,28
6c7fe370-02c4-3537-8f5e-373b2168b933,HEALTH ALLIANCE HOME HEALTH AND HOSPICE,60 HOSPITAL ROAD,LEOMINSTER,MA,014533791,42.54031915,-71.76312990486304,9783426013,0.0,2
f8918a95-31e8-3ac4-8d12-29ca6080ebda,BETH ISRAEL DEACONESS HOSPITAL MILTON INC,199 REEDSDALE RD,MILTON,MA,021863926,42.251368299999996,-71.0768393856917,6173131214,0.0,64
8d5880eb-1dd8-31ea-b7c5-21709f3bb341,MELROSE INTERNAL MEDICINE ASSOC PC,50 ROWE ST,MELROSE,MA,021763201,42.4592093,-71.06078096379728,7819793800,0.0,59
70e3ad4f-b9ff-3f3e-9990-2cd7e23a9d1c,HEALTH-MD URGENT CARE,1238 RIVERDALE ST,WEST SPRINGFIELD,MA,010894675,42.1373438,-72.62624707492338,4135043507,0.0,21
80458ace-5754-39b0-807a-1a5b119cb5bb,CRYSTAL REHAB & NURSING LLC,11 PONTIAC AVE,WEBSTER,MA,015701629,42.06282535,-71.87016198711046,5089433889,0.0,1
09434cf4-ae0d-32ad-bc16-5ce7b0e5c12b,Brockton Vet Center,1041L Pearl St.,Brockton,MA,02301,42.055134,-71.06661,508-580-2730 Or 508-580-2730,0.0,76
dd280187-8662-3732-af81-595d10572911,4499 ACUSHNET AVENUE OPERATING COMPANY  LLC,4499 ACUSHNET AVE,NEW BEDFORD,MA,027454707,41.74026055,-70.9450945705336,5089956900,0.0,135
dae3ee01-f383-366e-9ad6-dc92963064ea,MERCY MEDICAL CTR,1233 MAIN ST,HOLYOKE,MA,010405381,42.16578055,-72.63389634691956,4135365111,0.0,246
dac75bc1-cbfa-306b-9a0a-88d5edf3638d,BRIGHTON HOUSE REHABILITATION & NURSING CENTER,170 COREY ROAD,BRIGHTON,MA,021358244,42.3433093,-71.14003855124017,6177310515,0.0,6
9d283097-e706-3421-8b98-948b1fdadf30,BEAR MT WEST SPRINGFIELD LLC,42 PROSPECT AVE,WEST SPRINGFIELD,MA,010894510,42.157666846720865,-72.63485704670578,4137333151,0.0,1
a2cc09de-c1e2-3126-8c09-d49f95225281,CHILDREN'S HOSPITAL CORPORATION,300 LONGWOOD AVE,WALTHAM,MA,024532741,42.3756401,-71.2358004,6173554831,0.0,2
9f2f60a6-87a4-3f45-b753-b63b5b7e9993,NORTH END COMMUNITY HEALTH COMMITTEE INC,332 HANOVER STREET,BOSTON,MA,021131901,42.3647421,-71.0536619,6176438000,0.0,52
f341c366-8313-3790-ab26-d8d27b116ff5,WAYSIDE YOUTH & FAMILY SUPPORT NETWORK,80 LINCOLN STREET,WALTHAM,MA,024535465,42.39322121170625,-71.24104146434591,5086200010,0.0,53
f312977e-8f41-3816-84cc-e5b12ba36955,BRIGHAM AND WOMEN'S FAULKNER HOSPITAL  INC.,1153 CENTRE ST,JAMAICA PLAIN,MA,021303446,42.3017598,-71.12855793387442,6179837470,0.0,5
0519b293-2e92-3eb3-aeef-233da0babc93,PALM SKILLED  NRSING CR & CTR FOR REHAB EXCELLENCE,40 PARKHURST ROAD,CHELMSFORD,MA,018241511,42.6198215,-71.36189212971482,9782563151,0.0,33
c5403c4f-14d5-3171-9227-a9b8327f3149,CONTINUUM HEALTHCARE SOLUTIONS LLC,52 OLNEY RD,CHICOPEE,MA,010202103,42.1487691,-72.6071119,4135309616,0.0,46
ce4d0501-49eb-396a-bc56-545fdfc624b0,MARTHA'S VINEYARD HOSPITAL INC,1 HOSPITAL RD,OAK BLUFFS,MA,025571406,41.46063105,-70.57989080295974,5086930410,0.0,312
70e943de-a18b-3e03-a204-ecca2f01b6d1,OAKDALE REHABILITATION & SKILLED NURSING CENTER,76 NORTH MAIN STREET,WEST BOYLSTON,MA,015831130,42.393642299999996,-71.79207534741954,5088356076,0.0,8
1ef8d603-bec1-35f5-a830-2a0b919cf47f,SUTTON HILL CENTER,1801 TURNPIKE STREET,NORTH ANDOVER,MA,018456322,42.6355548,-71.0761760490546,9786881212,0.0,3
afc661fd-71d9-3fc3-adf2-3fc3b5e8a140,BROCKTON HOSPITAL  INC.,680 CENTRE ST,RAYNHAM,MA,02767,41.9487118,-71.0731008,5089417000,0.0,14
be9a14c1-72a6-3186-b199-fdb070768458,WOBURN NURSING CENTER INC,18 FRANCES ST,WOBURN,MA,018013006,42.488288600000004,-71.15015700746171,7819338175,0.0,1
06cc2462-430f-3322-9c87-7e971125f510,EMERSON HOSPITAL,133 OLD ROAD TO 9 ACRE COR,WESTFORD,MA,018863198,42.5792583,-71.4378411,9782873226,0.0,304
ee7fab6f-6438-394f-b1f2-3e452f8f055a,BLUEBERRY HILL REHABILITATION AND HEALTHCARE CTR,75 BRIMBAL AVENUE,BEVERLY,MA,019156009,42.570099299999995,-70.87108224250409,9789272020,0.0,17
880fad59-9c38-3a21-a39f-ccc801502ab3,SANCTA MARIA NURSING FACILITY,799 CONCORD AVENUE,CAMBRIDGE,MA,021381048,42.390849395521705,-71.1556550001627,6178682200,0.0,5
a2d45ee8-b930-3169-b612-f602961ad212,SUNRISE HEALTHCARE LLC,37 MINUTEMAN WAY,SHREWSBURY,MA,015452229,42.288207,-71.73443816915585,6176509959,0.0,57
0fa1cab9-83c1-3c85-b7bc-53d8b922e2f7,METROWEST MEDICAL CENTER,115 LINCOLN STREET,WORCESTER,MA,016081216,42.2768165,-71.795274,5083831000,0.0,24
817f4acb-0184-3146-9ce0-87197d8f115a,READING FAMILY MEDICINE PC,30 NEWCROSSING RD STE 301,READING,MA,01867,42.51809619399502,-71.0959083715027,7819420380,0.0,14
10ffe7b1-2f94-3f12-9288-679da05a1ec9,WESTFORD INTERNAL MEDICINE PC,133 LITTLETON RD,WESTFORD,MA,01886,42.57056335,-71.41736646422413,9785771946,0.0,16
2b97893e-dc50-378b-a266-f089b8450329,HARBOR HEALTH SERVICES INC,250 MOUNT VERNON ST,DORCHESTER,MA,021253120,42.3194571,-71.04610844302991,6172881140,0.0,37
d0894f6b-78d7-338d-82ad-b63de4d40014,MOUNT AUBURN HOSPITAL,330 MOUNT AUBURN STREET,WALTHAM,MA,02452,42.3756401,-71.2358004,6174923500,0.0,192
3d5fbf38-c781-3e04-8c7e-5a402611b7d4,DAVIS SQUARE FAMILY PRACTICE,260 ELM ST,SOMERVILLE,MA,021442951,42.3955992,-71.1227391,6176669577,0.0,61
fd5342f0-10c0-3f48-9c7e-7100a64db139,WILLOW MANOR,30 PRINCETON BOULEVARD,LOWELL,MA,018512405,42.6353691,-71.3322833,9789548086,0.0,1
9ed61c49-1d0c-3774-b528-d75b50938fe2,Quincy Outpatient Clinic,110 West Squantum Street,Quincy,MA,02169,42.272617,-71.03133,800-865-3384,0.0,617
7ac466c6-7968-33fd-882c-6d5418f88c8a,CHELMSFORD PRIMARY CARE LLC,2 MEETING HOUSE RD,CHELMSFORD,MA,018242700,42.60140085,-71.35097894451894,9782565522,0.0,70
326bc5bc-8da8-3337-a76a-7d44202dae3d,ABERJONA NURSING CENTER  INC,184 SWANTON ST,WINCHESTER,MA,018901921,42.4606573,-71.13806547771736,7817299370,0.0,2
b5789b71-fc8e-3b7e-9eb2-3fc577943117,ATHOL MEMORIAL HOSPITAL INCORPORATED,81 RESERVOIR DRIVE,ATHOL,MA,013314901,42.581152349999996,-72.18775715069674,9782485135,0.0,31
edd58f69-ad5f-346b-b1f9-530ccdc895f6,RISE ABOVE WELLNESS HEALTH SERVICES LLC,52 CARPENTER ST,ATTLEBORO,MA,027032472,41.9369576,-71.27996091755344,8572473180,0.0,29
069b90f9-309b-35e4-b990-d1dbacb962cc,MONT MARIE REHABILITATION & HEALTHCARE CENTER,36 LOWER WESTFIELD ROAD,HOLYOKE,MA,010402749,42.16975305,-72.63488031242107,4135386050,0.0,6
d087a353-12da-3785-b121-fb1291f8a721,CARE4US WELLNESS CENTER LLC,17 CLARENCE ST,WORCESTER,MA,016052430,42.287673653061226,-71.80890779591836,5083456983,0.0,27
2c2e6afc-9578-3ba5-bb12-eed97d3a823b,BEAR MT MATTAPAN LLC,405 RIVER ST,MATTAPAN,MA,021262210,42.2699017,-71.09061872585616,6172965585,0.0,1
51759ecf-0948-3f61-b8fc-09dd8f2b90a1,FAIRVIEW COMMONS NURSING & REHABILITATION CENTER,CHRISTIAN HILL ROAD,GREAT BARRINGTON,MA,012301108,42.207865,-73.360405,4135284560,0.0,4
a855314b-4fb5-37fc-8015-5caa96c928b1,BAYSTATE MEDICAL CENTER INC.,759 CHESTNUT ST,SPRINGFIELD,MA,011991001,42.121522049999996,-72.60300615153007,4137940000,0.0,32
0a8a4b11-d0b8-3cd2-92cd-983de5189cfa,LIFE CARE CENTER OF THE NORTH SHORE,111 BIRCH STREET,LYNN,MA,019021574,42.47859105,-70.93458444045801,7815929667,0.0,10
335fe080-43f9-3219-84bd-031c4fcfe9d5,PARK AVENUE SNF OPERATIONS LLC,146 PARK AVE,ARLINGTON,MA,024765829,42.421350950000004,-71.18224816367342,7816489530,0.0,1
3e97ce4f-3ad7-3cea-883f-e2bb4ca89d83,HALLMARK HEALTH URGENT CARE PHYSICIANS LLC,30 NEW CROSSING RD,READING,MA,018673270,42.51809619399502,-71.0959083715027,7812801699,0.0,44
c0132cf6-1703-3aad-89b4-cc2f2bbc123e,MARISTHILL NURSING & REHABILITATION CENTER,66 NEWTON STREET,WALTHAM,MA,024536058,42.3746705,-71.22789736306842,7818930240,0.0,22
36d328a2-68bb-3967-a9bf-00897a7c945f,HANNAH B G SHAW HOME,299 WAREHAM STREET,MIDDLEBORO,MA,023462905,41.869676,-70.873384,5089471184,0.0,5
0f2c58ec-5323-3c0f-9bdf-af0df7eb2a2b,MARIAN MANOR,130 DORCHESTER STREET,SOUTH BOSTON,MA,021272642,42.3334312,-71.0494949,6172683333,0.0,1
51370692-6296-3150-8672-559fc73f964f,BRIGHAM & WOMENS HOSPITAL INC,75 FRANCIS ST,WEST BRIDGEWATER,MA,023791542,42.0219112,-71.019004,6177325500,0.0,92
cdc87240-38e9-36f8-959b-706642e01e11,MASSACHUSETTS EYE AND EAR INFIRMARY -,243 CHARLES ST,STONEHAM,MA,021803559,42.4814675,-71.0924311,6175733089,0.0,105
c6b019eb-28ec-36f6-abf3-bcc4d1d58966,DUTTON FAMILY CARE ASSOCIATES LLP,33 AVON ST,WAKEFIELD,MA,018802310,42.50403445,-71.07462951514611,7812450402,0.0,73
2836d9ac-c6a6-39d1-8f13-fdf0fc8928f4,TEWKSBURY HOSPITAL,365 EAST ST,TEWKSBURY,MA,018761950,42.6069472,-71.2180803,9788517321,0.0,432
a2f8d8fe-665e-390f-8b9b-efdc0b14a77c,LOWELL COMMUNITY HEALTH CENTER,161 JACKSON ST,LOWELL,MA,018522103,42.6425382,-71.3093946,9783228590,0.0,80
82c72223-f521-3a34-9b9b-4ff366365399,CARNEY HOSPITAL,2100 DORCHESTER AVENUE,QUINCY,MA,021691870,42.2509914,-71.0037374,6175062000,0.0,109
7c625dc4-2593-31eb-95fd-6a912832b8bb,BAYADA HOME HEALTH CARE  INC,980 WASHINGTON STREET  SUITE 124,DEDHAM,MA,020266704,42.228918,-71.18501264023513,6179692600,0.0,4
f22bc2ac-f8bd-3f9f-9a40-93db37639d3f,HARBOR HEALTH SERVICES INC,735 ATTUCKS LN,HYANNIS,MA,026011867,41.6747631,-70.29768515601289,5087780300,0.0,55
719db77c-034f-3079-9b12-0d2ec2efeef9,SOUTH END COMMUNITY HEALTH CENTER INC,1601 WASHINGTON ST,BOSTON,MA,021182006,42.3381394,-71.0748562,6174252000,0.0,15
04b252db-4231-3cb5-963d-6f096fb4b97c,DEDHAM MEDICAL ASSOCIATES URGENT CARE CENTER LLC,1177 PROVIDENCE HIGHWAY,NORWOOD,MA,020625019,42.194543,-71.1994976,7813291400,0.0,7
83579123-f29c-39b8-9f5f-8f79e91683c7,NASH HEALTH CARE PRACTICES LLC,100 CENTURY DR,WORCESTER,MA,016061244,42.3138278,-71.7707002,5083457129,0.0,69
a94f4f6e-88ad-39ff-a935-dc87f13327b1,LIFE CARE CENTER OF LEOMINSTER,370 WEST STREET,LEOMINSTER,MA,014532073,42.535877150000005,-71.77537115047085,9785370771,0.0,3
4bde4cbc-55f7-3501-90eb-2c88178c7be1,SUN MEDICAL CLINIC  PC,50 MEMORIAL DR,LEOMINSTER,MA,014532238,42.541995,-71.7628835,9788400055,0.0,47
e2eab39c-5195-34aa-b35f-e89e37cfed01,SOUTH SHORE HOSPITAL INC.,55 FOGG ROAD,WEYMOUTH,MA,021893141,42.175539799999996,-70.9539153674405,7813408000,0.0,33
4fa8411f-42f8-3353-8947-bf15254c9dee,GREENWOOD NURSING & REHABILITATION CENTER,90 GREENWOOD STREET,WAKEFIELD,MA,018804039,42.476321150000004,-71.06922169005762,7812460211,0.0,1
a977feef-f585-3fa8-8deb-7e60fc2cab30,HORIZON HOME CARE  LLC,2314 MAIN STREET,TEWKSBURY,MA,018763128,42.58023655,-71.19367180835906,9788517775,0.0,1
b411fd60-9bd5-30f1-99b4-c24a409964a1,WILLOW STREET FAMILY PRACTICE INC,42 ASBURY ST,SOUTH HAMILTON,MA,019821808,42.61322825,-70.87300675048934,9784684101,0.0,43
1de7e7d9-9a7a-3a3f-bf4c-b4de450711f2,CIRCLE HEALTH URGENT CARE LLC,198 LITTLETON RD,WESTFORD,MA,018863429,42.564282,-71.42620615382347,9783230302,0.0,4
f5ccbb53-e4a0-32e5-a693-02150497a8f4,SOUTH SHORE INTERNAL MEDICINE ASSOCIATES INC.,100 HIGHLAND ST,MILTON,MA,021863881,42.250705749999995,-71.07724199194602,6176988855,0.0,59
497f39dd-280e-3d58-af5b-c5e3a3a09b10,CAPE COD HOSPITAL INC,27 PARK ST,HYANNIS,MA,026015230,41.65363635,-70.27352219234834,5087711800,0.0,130
b0762027-dc86-335b-8310-f4f031c1caca,LIFE CARE CENTER OF WEST BRIDGEWATER,765 WEST CENTER STREET,WEST BRIDGEWATER,MA,023791517,42.01302315,-71.05345585281756,5085804400,0.0,3
0d7fd824-1c7b-3f8b-a662-f6c2005e82e1,OVERLOOK MASONIC HEALTH CENTER,88 MASONIC HOME ROAD,CHARLTON,MA,015071394,42.1389039,-71.9782681,5082487344,0.0,6
7445ae34-b648-3d3a-b8cf-0eb630061b6e,CARING HOSPICE SERVICES OF MASSACHUSETTS  LLC,34 CEDAR ST STE 4,WEST ROXBURY,MA,021324338,42.2792649,-71.1494972,7329016600,0.0,1
1ab2b5f9-cb95-3236-beec-9b9d4a407c61,BERKSHIRE MEDICAL CENTER INC,725 NORTH ST,PITTSFIELD,MA,012014109,42.4600752,-73.2492795834909,4134472000,0.0,6
07ae483b-b351-3add-8b05-afba832b88ea,STONEHEDGE HEALTH CARE CENTER,5 REDLANDS ROAD,WEST ROXBURY,MA,021321506,42.2879347,-71.15108161583282,6173276325,0.0,8
ec509895-6196-36d1-b91e-272bed7e6196,CHARLES RIVER COMMUNITY HEALTH  INC,40 ARMINGTON ST,ALLSTON,MA,021342406,42.3521617,-71.1375176,6177830500,0.0,8
41e2a44c-477c-3511-96f9-12c476aa3b6a,DR SOLOMON CARTER FULLER MENTAL HEALTH CENTER,85 E NEWTON ST,BOSTON,MA,021183553,42.336277100000004,-71.07085295687423,6176268860,0.0,323
f00601d0-d49e-30ed-bc3e-314379f2103e,MELROSE FAMILY OPTICIANS LLC,490 MAIN ST,MELROSE,MA,021763841,42.4550741,-71.0654799,7816650897,0.0,38
9d41e4fc-9507-3ddb-82ad-966046fca031,ODD FELLOWS HOME OF MASSACHUSETTS,104 RANDOLPH ROAD,WORCESTER,MA,016062465,42.29955605000001,-71.79838133819244,5088536687,0.0,2
5b0cd0a0-f277-3a66-bee6-d64b5be4a3f5,BERKSHIRE MEDICAL CENTER INC - 1,725 NORTH ST,PITTSFIELD,MA,012015493,42.4600752,-73.2492795834909,4134472000,0.0,3
f5b88e0f-3f0a-3400-b56f-26247e2a35ac,EDWARD M KENNEDY COMMUNITY HEALTH CENTER INC,585 LINCOLN ST,WORCESTER,MA,016051906,42.2962766,-71.7688972944814,5088521805,0.0,21
4956f573-3dc2-3a67-9692-2f57451744e6,RESERVOIR CENTER FOR HEALTH & REHABILITATION  THE,400 BOLTON STREET,MARLBOROUGH,MA,017523912,42.35966285,-71.55290125539051,5084816123,0.0,1
69195f53-626c-3031-b4de-d0b206f75d8c,LUTHERAN HOME OF JAMAICA PLAIN INC,174 FOREST HILLS ST,BOSTON,MA,021303353,42.306401050000005,-71.10237442688054,6175221550,0.0,2
60e897f9-7491-3610-81e5-d44b3d36b8c4,BARRINGTON FAMILY MEDICINE PC,63 STATE RD,GREAT BARRINGTON,MA,012301224,42.20224745,-73.35469687339696,4136449933,0.0,49
c1986c0c-f756-3596-8f90-08adacf220fe,CHESTNUT WOODS REHABILITATION AND HEALTHCARE CTR,73 CHESTNUT STREET,SAUGUS,MA,019061605,42.4573919,-70.9918055,7812338123,0.0,4
67d2f85b-ddc7-3ed0-b90b-6fa5b7b8358a,CHARLES RIVER COMMUNITY HEALTH  INC,43 FOUNDRY AVE,WALTHAM,MA,024538313,42.37050535,-71.21908334877376,6177830500,0.0,72
0d9b0d22-585e-3fd8-ab02-26b5be7915d1,THE SHRINERS HOSPITAL FOR CHILDREN,516 CAREW ST,SPRINGFIELD,MA,011042330,42.12133575,-72.59217953646302,4137872000,0.0,167
0d1570ab-371c-3898-9397-95905d8c5166,TUFTS MEDICAL CENTER  INC,750 WASHINGTON ST,BOSTON,MA,021111552,42.3499038,-71.0631836,6176365442,0.0,195
1853aeef-5897-326a-80d6-aa4b0459eb6d,BARRINGTON URGENT CARE PC,381 WICKENDEN ST,ATTLEBORO,MA,027032247,41.9438129,-71.2806515,4014337550,0.0,6
4b7e26e6-e5b1-38c9-b4ac-fde9a0f93177,FATHER BILL'S PLACE,38 BROAD STREET,QUINCY,MA,021694604,42.2560352,-70.99469254391217,8576541706,0.0,63
93552c27-f173-385f-8849-ee56c25f638b,SOMERSET LONG TERM CARE LLC,359 HIGH ST,GREENFIELD,MA,013012617,42.6033006,-72.58135309677492,4137746318,0.0,1
f3030ee3-dfa5-3595-b684-9769e52a580a,OVERLOOK HOSPICE SERVICES,88 MASONIC HOME ROAD  DAVENPORT BLDG  2ND FL,WEST SPRINGFIELD,MA,010891357,42.105237,-72.6213712,5087651515,0.0,2
01bb7b5c-f850-3c4e-a3f1-442d8273559a,NORTHAMPTON WELLNESS ASSOCIATES LLC,395 PLEASANT ST,NORTHAMPTON,MA,010603914,42.3150543,-72.62555561349089,4135847787,0.0,6
22fa6d28-92b6-3446-a388-f5aba50debaf,CHELSEA JEWISH VISITING NURSE AGENCY,123 CAPTAIN'S ROW,CHELSEA,MA,021504019,42.3917638,-71.0328284,6178870826,0.0,2
c0a33465-d309-3d2a-932e-9d554a7cc19c,T MASSACHUSETTS  LLC,100 CENTURY DR,WORCESTER,MA,016061244,42.3138278,-71.7707002,7743667000,0.0,166
689f8809-c101-38db-b3c9-580b4c37f268,VINEYARD MEDICAL CARE LLC,364 STATE RD,VINEYARD HAVEN,MA,025685624,41.44720825,-70.61474940346154,5086934400,0.0,45
80646050-1c76-3046-bbc8-fd5f0b7c34e6,COMMUNITY HEALTH CONNECTIONS  INC,140 ARNHOW FARM ROAD,FITCHBURG,MA,014201369,42.5903661,-71.8119837,9788788100,0.0,16
0be0e035-8dad-387e-bbdd-a5a469c4311f,PODIATRY HEALTHCARE P.C.,480 MAPLE ST,DANVERS,MA,019234065,42.584178050000006,-70.97197467750539,9783048403,0.0,52
a9fc7aa5-d3b3-314d-9cf7-af29051d3dd9,MANET COMMUNITY HEALTH CENTER  INC AT HOUGHS NECK,1193 SEA STREET,TAUNTON,MA,027803960,41.8946107,-71.11113,6174718683,0.0,6
8ec2ca51-abb4-35dd-b90f-6c6aad6d2124,ALLIANCE HEALTH AT ROSEWOOD,22 JOHNSON STREET,PEABODY,MA,019602311,42.54644385,-70.99288129112277,9785358700,0.0,19
9fdce5d5-d4d0-3156-a8d5-8757bfe4e9b3,ONE CALL HEALTHCARE PLLC,1 FARMER CIR,ARLINGTON,MA,024742866,42.42405225,-71.16792616556859,6178660789,0.0,57
86f41096-d81f-3e26-b770-b26adc017d3e,SOUTH COVE MANOR NURSING & REHABILITATION CENTER,288 WASHINGTON STREET,QUINCY,MA,021695523,42.24983615,-70.9902487341626,6174230590,0.0,1
b3b56527-d366-3353-bca9-266a12f23051,LYDIA TAFT HOUSE,60 QUAKER HIGHWAY,UXBRIDGE,MA,015691628,42.06100105,-71.62352848737622,5082789500,0.0,6
c5742266-625d-3824-9ed3-4b5c6bc3e296,SPECTRUM HEALTHCARE PARTNERS PA,22 BRAMHALL ST,SCITUATE,MA,020664312,42.1939754,-70.7697128,2076622571,0.0,5
b242f971-3c74-3778-b148-81366c1e6a3f,WALDEN BEHAVIORAL CARE LLC,10 CAREMATRIX DR,DEDHAM,MA,020266149,42.2270762,-71.17237295563174,7816476700,0.0,83
e8d0fea4-45cb-32d3-8798-0fe6156c4409,265 ESSEX STREET OPERATING COMPANY  LLC,265 ESSEX STREET,BEVERLY,MA,019151958,42.56513015,-70.86168781456092,9789273260,0.0,1
6929d249-cc27-33aa-a871-b6f26059615d,MARTHA'S VINEYARD HOSPITAL INC,ONE HOSPITAL ROAD  FIRST FL  WING 5   PO BOX 1477,OAK BLUFFS,MA,025571406,41.4538523,-70.5684713,5086930410,0.0,49
aad05540-c9cb-3805-b3c4-f9b9d9b42b2e,RIVER'S EDGE PRIMARY CARE LLC,821 E MAIN ST STE 3,CHICOPEE,MA,010206306,42.155774795300516,-72.55672263289513,4136956774,0.0,45
1aa9084e-2b86-3d6e-93ab-dbe6d4dda601,CARLETON-WILLARD VILLAGE RETIREMENT & NURSING CTR,100 OLD BILLERICA RD,BEDFORD,MA,017301267,42.499905749999996,-71.25668964877971,7812758700,0.0,1
19a3afba-b409-3650-a0ab-f3faf6e391ef,ASSOCIATED PHYSICIANS OF HARVARD MEDICAL FACULTY PHYSICIANS AT BETH IS,199 REEDSDALE RD,WALTHAM,MA,024511433,42.3756401,-71.2358004,6176964600,0.0,29
cbebae9e-f95e-3d2c-9712-289ea8d6aeec,ARBOUR HOSPITAL  THE,49 ROBINWOOD AVENUE,QUINCY,MA,021698130,42.2509914,-71.0037374,6175224400,0.0,136
5862e05c-9533-3f7a-8f73-215d50f5ee2f,HEBREW REHABILITATION CENTER,1200 CENTRE ST,ROSLINDALE,MA,021311000,42.29768,-71.130463,6173258000,0.0,15
ec7e487e-7e78-3eac-a9ee-37f8de98a0f9,COLONY CENTER FOR HEALTH & REHABILITATION,277 WASHINGTON STREET,ABINGTON,MA,023512489,42.10060947239023,-70.94967338146704,7818710200,0.0,5
a8f1424c-00bc-3403-8db5-cd600978f3a4,CONNECTICUT RIVER INTERNISTS. LLP,8 BURNHAM ST,TURNERS FALLS,MA,013761816,42.6042523,-72.5564777,4137745554,0.0,59
471f7ca2-38f8-3080-8109-187c73ec0b1f,SALEM FAMILY HEALTH CENTER,27 CONGRESS ST,SALEM,MA,019707308,42.518722068313224,-70.88940635956651,9787448388,0.0,20
a5577e5c-b886-37a0-8eee-8ff6feb7ea6b,MOUNT AUBURN HOSPITAL,330 MOUNT AUBURN ST,CAMBRIDGE,MA,021385502,42.3741033,-71.13417575971958,6174923500,0.0,165
20df65a4-7567-3066-b680-0f71b0c31d38,HENRY HEYWOOD MEMORIAL HOSPITAL,242 GREEN ST,GARDNER,MA,014401336,42.58685735,-71.98748072431209,9786323420,0.0,67
5581e43d-0463-3a0b-afc7-a60aea5ac96c,GREATER LAWRENCE FAMILY HEALTH CENTER INC,57 RIVER RD,ANDOVER,MA,018101144,42.69112645,-71.19636086287642,9786868521,0.0,17
7dcab1ad-0e13-3700-9eb0-70767c5e2b55,URGENT CARE PHYSICIANS PC,1515 ALLEN ST,SPRINGFIELD,MA,011181803,42.095299499999996,-72.50943136142334,4137839114,0.0,8
62b55e5b-b58f-354d-8f2d-f2a330bc619e,UMASS MEMORIAL HEALTHALLIANCE CLINTON HOSPITAL INC,201 HIGHLAND ST,CLINTON,MA,015101037,42.42738865,-71.69329092351188,9783683000,0.0,80
966245ce-e84d-36b0-a838-2e0b5bb2e668,MATTAPAN COMMUNITY HEALTH CENTER,1425 BLUE HILL AVENUE,MATTAPAN,MA,021262122,42.2754929,-71.09384131587021,6172960061,0.0,13
b9a91cbd-3263-31d9-9cff-55873cf8b2e2,Springfield Outpatient Clinic,25 Bond Street,Springfield,MA,01104,42.110065,-72.60007,413-731-6000 Or 413-731-6000,0.0,49
9dbd44ba-59b2-3d1d-ac91-3880af8081d2,INTEGRATIVE FAMILY MEDICINE ASSOCIATES,529 MAIN ST STE B,ACTON,MA,017203965,42.4878132338563,-71.43046999422496,9786351800,0.0,55
4eddfa13-f996-3048-9bbc-541b0a29038a,STEWARD ST ELIZABETHS MEDICAL CENTER OF BOSTON INC,736 CAMBRIDGE ST,BRIGHTON,MA,021353601,42.348649949999995,-71.14799584850206,6177893000,0.0,49
845fbd9b-2d1c-39a8-8261-28ae40e4fab2,MILFORD REGIONAL MEDICAL CENTER,14 PROSPECT STREET,UPTON,MA,015681431,42.1700209025178,-71.59409308099494,5084731190,0.0,136
946ec45f-5c4a-361f-b158-927144864133,COMPASSUS - GREATER WESTERN MASSACHUSETTS,19 MIDSTATE DRIVE  SUITE 130,AUBURN,MA,015011856,42.1894693,-71.85604765,5088452379,0.0,3
bac9dc0c-cb0f-3fa6-aa12-819dd0fb922a,CAMBRIDGE PUBLIC HEALTH COMMISSION,1493 CAMBRIDGE ST,SOMERVILLE,MA,021452935,42.3875968,-71.0994968,6176651000,0.0,66
84d5768f-3a21-3da9-aad2-bbf7a3ae2700,LOWELL FAMILY MEDICAL CARE PC,817 MERRIMACK ST,LOWELL,MA,018543548,42.650296999999995,-71.32263756223612,9784530550,0.0,24
9ce6072b-d039-3cde-8eaf-950211b8ae88,MIDDLETON FAMILY MEDICINE URGENT CARE  LLC,147 S MAIN ST,MIDDLETON,MA,019492446,42.585787222720036,-71.00861442427218,9787742555,0.0,5
2576629d-4a1a-3a63-8c08-779cbd8ef98b,ORLEANS MEDICAL CENTER  P.C.,204 MAIN ST,ORLEANS,MA,026533428,41.78516795,-69.96772048551409,5082558825,0.0,16
af8566eb-8918-3ec7-ba44-92b6a2cf8097,NORTH SHORE MEDICAL CENTER INC,81 HIGHLAND AVE,SALEM,MA,019702714,42.5112107,-70.90516241826194,9787410522,0.0,141
d4a03501-69f6-3a89-ac27-ed25976fdb6f,LIFE CARE CENTER OF STONEHAM,25 WOODLAND ROAD,STONEHAM,MA,021801705,42.450448800000004,-71.09076944938434,7816622545,0.0,14
058176fd-cbb0-328b-8411-c19f5045032d,EXCEL CENTER FOR NURSING AND REHAB AT LEXINGTON,840 EMERSON GARDENS ROAD,LEXINGTON,MA,02420,42.43761961817366,-71.19888753880475,7818618630,0.0,13
69cb2157-b620-3c51-9c94-f516462d2d55,FAMILY PRACTICE GROUP PC,11 WATER ST,ARLINGTON,MA,02476,42.41642055,-71.15424293038585,7816489700,0.0,18
ae3eab22-8868-37bb-9a59-2b8bfe14bf34,ATHOL MEMORIAL HOSPITAL,2033 MAIN STREET,ATHOL,MA,01331,42.58522105,-72.20868129339888,9782493511,0.0,24
9a20d707-68e4-32c0-b2b2-2f5d5c2012cd,CLARITY HEALTH & WELLNESS LLC,131 CAMBRIDGE ST STE 1,BURLINGTON,MA,018033711,42.50284395,-71.19574553661971,7812652572,0.0,51
41f66e18-8eb7-32f2-9371-7df5bf2b8d21,AMBULATORY EMPLOYEE INDUSTRIAL OCCUPATIONAL AND URGENT HEALTHCARE,170 UNIVERSITY DRIVE,GREENFIELD,MA,013011238,42.6097476,-72.5979752,4133874556,0.0,4
a25107f7-f4f5-36fc-98e4-f3e1b5875c91,MASS GENERAL BRIGHAM URGENT CARE LLC,1285 BEACON ST,WOBURN,MA,018012157,42.4979478,-71.1684508,6177516205,0.0,10
0e6c3ad1-24c1-34cb-bb6d-e8438fa319e2,URGENT CARE OPERATIONS PC,50 DODGE ST,SWAMPSCOTT,MA,019071300,42.4699241,-70.9171507,9789222171,0.0,6
bdd9ad72-443a-3563-a626-4c45f6d058b2,COMFORT HOME CARE  LLC,147 PELHAM STREET,WORCESTER,MA,016072105,42.265209,-71.814005,9786854700,0.0,3
83769f98-fff3-3535-8781-6ace5957136f,SOUTHSHORE HEALTH CARE CENTER,115 NORTH AVENUE,ROCKLAND,MA,023702129,42.13496385,-70.92237824494691,7818783308,0.0,9
0e3a24c3-b772-3059-b3fd-8a4710068a82,LAKESIDE FAMILY PRACTICE,416 BROADWAY,RAYNHAM,MA,027671737,41.940680799999996,-71.07864352196617,5088285020,0.0,28
28d71598-85eb-3a0e-90c1-22e0be1af57c,PARADIGM HEALTHCARE  PC,38 MULBERRY ST STE 204,NORTHAMPTON,MA,010602832,42.35436315,-72.70256804599192,4133550761,0.0,133
9adfae03-673d-365d-9052-f705098fa3e4,THE SHRINERS HOSPITAL FOR CHILDREN,51 BLOSSOM ST,BOSTON,MA,021142699,42.36305545,-71.06643399281765,1617722300,0.0,1205
46912be1-43b9-3c0c-9fbd-3d123f2eacc6,BLUPOINT HEALTHCARE LLC,821 DANIEL SHAYS HWY,ATHOL,MA,013316903,42.572540548950265,-72.2674105528448,9782493717,0.0,1
25431f9a-00e4-36d8-9810-4125328eec50,THE GENERAL HOSPITAL CORPORATION,55 FRUIT ST,WALTHAM,MA,02451,42.3756401,-71.2358004,6177262000,0.0,28
89171335-b9c0-3326-98d6-a837d432b9fd,WHITTIER REHABILTATION HOSPITAL,150 FLANDERS ROAD,LYNN,MA,019042915,42.466763,-70.9494939,5088712063,0.0,94
01bde980-bf89-3138-8912-7360dff33247,LE & CHANG FAMILY URGENT CARE PC,456 PARK AVE,WORCESTER,MA,016101254,42.25512735,-71.82580924803523,5086851517,0.0,8
217cb6f6-e822-3831-9d9d-ffa104971042,ENCOMPASS HEALTH REHABILITATION HOSP OF NEW ENGLAN,2 REHABILITATION WAY,WOBURN,MA,018016003,42.46352265,-71.161925472006,7819355050,0.0,294
e2a8b444-9b8f-36ff-84c4-05ee98589482,WHITLEY WELLNESS LLC,8 SHIPWAY PL # C-8,CHARLESTOWN,MA,021294301,42.3778749,-71.0619957,3254399799,0.0,134
121b0ad1-1beb-3caa-9271-3d3f726bb727,PATRIOT URGENT CARE PROFESSIONALS PC,1030 MAIN STREET,WALTHAM,MA,024517447,42.375828,-71.2527956,7818946900,0.0,9
9ba25035-53e5-344b-9b9e-94331a58d1d4,BOSTON HEALTH CARE INC,420 MAIN ST,WALPOLE,MA,020812553,42.161882199999994,-71.2388707178431,5086607949,0.0,8
0a2252ba-33de-322f-8f0a-e5b0141f1780,HARVARD STREET NEIGHBORHOOD HEALTH CENTER,632 BLUE  HILL AVENUE,DORCHESTER,MA,021213213,42.2941088,-71.0885355,6178253400,0.0,8
4f029aea-a3f7-3429-a477-45cfe183c3f9,RIVER TERRACE REHABILITATION AND HEALTHCARE CTR,1675 NORTH MAIN STREET,LANCASTER,MA,015232405,42.4761132,-71.6873032,9783654537,0.0,2
f539dc91-4c3b-3c46-be61-7f10b6eb8471,MEADOW GREEN NURSING HOME INC,45 WOBURN ST,WALTHAM,MA,024527919,42.407845949999995,-71.21867165257288,7818998600,0.0,1
b954c464-11ea-312b-a3f8-1350775bfa54,CHELSEA JEWISH HOSPICE AND PALLIATIVE CARE,123 CAPTAIN'S ROW,CHELSEA,MA,021504019,42.3917638,-71.0328284,6178890779,0.0,4
4d3ec6c2-f6aa-3d7b-adcc-e7107dac8530,LIFE CARE CENTER OF AUBURN,14 MASONIC CIRCLE,AUBURN,MA,015011341,42.181923125,-71.86839612499999,5088324800,0.0,6
19f958ef-57cf-33c1-b068-14b32a980813,DRACUT FAMILY HEALTHCARE,155 BROADWAY RD,DRACUT,MA,018262754,42.67578279999999,-71.29320171860073,9784580475,0.0,68
91808f17-7583-32a3-aa55-23b131b327c7,SOUTH SHORE CENTER FOR WELLNESS LTD,200 CORDWAINER DR,NORWELL,MA,020611671,42.16352995,-70.8846291501739,7818788340,0.0,41
587f07bd-7d69-3291-9aea-abef74f30045,ROOTED WELLNESS LLC,228 ALMONT ST,MATTAPAN,MA,021261487,42.2805395,-71.09839825,8572047067,0.0,94
76baa51d-0d0f-359d-a07b-7b999a43d42e,PATHWAYS HEALTHCARE LLC,101 STATION DR STE 240,WESTWOOD,MA,020902336,42.20728361922244,-71.15698168263435,6174819077,0.0,30
02d7b144-352f-3eac-97db-6fc4a95bf1fa,LASELL HOUSE,120 SEMINARY AVENUE,AUBURNDALE,MA,024662650,42.34002614299451,-71.24911543639162,6176637000,0.0,2
53f086de-2fc7-3d35-92c2-aca4ed944e7f,LAWRENCE GENERAL HOSPITAL,1 GENERAL ST,LAWRENCE,MA,018412961,42.7097143,-71.15007700778098,9786834000,0.0,37
c709c5eb-ddd7-3778-84f7-0931a4d1c718,HEBREW SENIORLIFE AFFILIATED MEDICAL GROUP INC,1200 CENTRE ST,ROSLINDALE,MA,021311000,42.29768,-71.130463,6179715766,0.0,83
c05d73d0-b348-32ce-9fe5-13a720950f37,URGENT HELP CHELMSFORD PC,45 DRUM HILL RD,CHELMSFORD,MA,018241503,42.6255635,-71.3615131,9784467515,0.0,17
c0cc8f8d-a479-3f83-9e1f-1fd556b944ef,FAMILY DOCTORS  LLC,250 PARADISE RD,SWAMPSCOTT,MA,01907,42.47638005,-70.91253402512964,7815962000,0.0,35
de3cc142-803a-3ed4-8945-75ec88a84784,ALLIANCE HEALTH AT BALDWINVILLE,51 HOSPITAL ROAD,BALDWINVILLE,MA,014361215,42.6108483,-72.0608364,9789392196,0.0,6
0592d4e5-a0fb-3143-83cd-8e5a6b066a96,SOUTH SHORE PRIMARY AND URGENT CARE LLC,20 EAST ST,HANOVER,MA,023391638,42.1278249,-70.82664947485381,7815610460,0.0,111
6b9c5830-a278-38ff-887f-ccefd74cf8e8,SOUTHEAST HEALTH CARE CENTER,184 LINCOLN STREET,NORTH EASTON,MA,023561799,42.06665855,-71.11947646404934,5082387053,0.0,6
ba07b31b-bf14-39b8-be95-4c5ca5062daa,SPAULDING HOSPITAL FOR CONTINUING MED CARE-CAMB,1575 CAMBRIDGE ST,CAMBRIDGE,MA,021384308,42.375209549999994,-71.10711344152975,6178764344,0.0,46
6aae7a31-90df-3455-ad8d-81f8cf2d21e8,BROCKTON HOSPITAL  INC.,680 CENTRE ST,BROCKTON,MA,023023308,42.0872752,-70.9910738855076,5089417000,0.0,38
