Id,ORGANIZATION,NAME,GENDER,SPECIALITY,ADDRESS,CITY,STATE,ZIP,LAT,LON,ENCOUNTERS,PROCEDURES
5a26622e-a116-3ad0-9175-53a9b54ea558,74ab949d-17ac-3309-83a0-13b4405c66aa,Gabriel934 Reilly981,F,GENERAL PRACTICE,881 Main Street,Fitchburg,MA,01420,42.586487,-71.80521,125,0
0cb55105-b752-3f2d-aee8-6363e562091a,17a4bae5-8b64-34d7-8144-b428be027bd0,Lindsay928 Ward668,M,GENERAL PRACTICE,512 MAIN STREET  SUITE 211,SHREWSBURY,MA,015456406,42.295109499999995,-71.71808471110307,5,0
dcf488b6-def4-3dfe-b0cc-e6209fa474f8,e09d4c49-c2ef-3b0f-9a46-3719d9219306,Ronald408 Emard19,F,GENERAL PRACTICE,60 HOSPITAL RD,LEOMINSTER,MA,014533290,42.54031915,-71.76312990486304,83,0
03cef1fd-0893-36cf-b2dd-1afc00a66a88,ae88fd02-4911-3625-9e97-85b626ed3b0b,Cherrie404 Farrell962,F,GENERAL PRACTICE,476 VARNUM AVE,LOWELL,MA,018542122,42.6443795,-71.34721987550876,1,0
a0aa193d-bbc6-3046-9a66-982a18a4c8a6,ab701a70-a658-340e-8f69-ee196a7d40c6,Bud153 Parisian75,M,GENERAL PRACTICE,484 RTE 134,WORCESTER,MA,016071728,42.2625621,-71.8018877,18,0
5f9808b7-f549-3b4d-bfe0-a5e1e6b08350,11ba6a26-59b4-3728-a268-6dc9929962b4,Archie818 McCullough561,M,GENERAL PRACTICE,200 GOVERNORS AVENUE,MEDFORD,MA,021551644,42.42711615,-71.1121606632448,6,0
c109ab01-5066-3df6-8620-63605e043c5f,8a2e2731-3240-39d1-b4f0-cad14200937d,Randa356 Ritchie586,F,GENERAL PRACTICE,88 WASHINGTON ST,TAUNTON,MA,027802465,41.9062805,-71.09518121351795,73,0
67e62106-5955-31b7-815c-588346971f08,88e28a1c-aad9-36d0-832b-b579ecb95c3d,Cherish740 Toy286,F,GENERAL PRACTICE,14 MANNING AVENUE,LEOMINSTER,MA,014535768,42.5253035,-71.7584413,43,0
37284e65-fe8b-33b9-9019-b3ac5ae9ded4,1311c44a-85cb-3aea-a143-e5d7892ced8b,Kathrine376 Reinger292,F,GENERAL PRACTICE,300 KENSINGTON AVE,SPRINGFIELD,MA,011071139,42.091896,-72.559437,13,0
bc72cd0f-5819-36a6-a431-47b9b9e444a0,667b46fe-0afa-3f70-a311-bbe3d52db050,Maricarmen445 Caballero789,F,GENERAL PRACTICE,757 BOSTON POST RD,WORCESTER,MA,016071728,42.231371,-72.165386,1,0
5a43221b-a85a-349e-b6eb-b9ff4c06f257,a4af40b8-0ddb-34bb-ae4a-95a17e9ad6f3,Cristopher265 Heaney114,M,GENERAL PRACTICE,100 MYLES STANDISH BOULEVARD  SUITE 103,TAUNTON,MA,027807340,41.948930849999996,-71.14141318475193,2,0
74da39d3-70c0-3845-96e5-ec115976f2d3,f945589f-88aa-366b-9e9d-2418d091112d,Azzie965 Ziemann98,F,GENERAL PRACTICE,105 ERDMAN WAY,LEOMINSTER,MA,014531805,42.54685255,-71.75737313871981,29,0
6622caa4-7330-3225-8658-d7e9685ed11c,bdc3ee76-9cf3-316d-b202-a8da1ea3fa20,Laverna97 Rippin620,F,GENERAL PRACTICE,130 RUMFORD AVENUE  SUITE 211,AUBURNDALE,MA,024661370,42.35853505,-71.24125521214887,1,0
5ca7c78e-c1ce-3988-a17c-1ed44c67130b,5d4da50c-8593-304f-b266-57d8f7d634a2,Clemente531 Palomino953,M,GENERAL PRACTICE,250 SHEARER ST,PALMER,MA,010691428,42.168634600000004,-72.33353526811578,1,0
e49df041-fa73-3467-8b6b-fd78af76f39e,5fcff9db-16e4-3e56-aa78-abbc16338097,Margene509 Schamberger479,F,GENERAL PRACTICE,295 VARNUM AVE,WESTFORD,MA,018863513,42.5792583,-71.4378411,54,0
38a5657f-aa56-33a5-a6a0-67c30044a92f,1ddd51d1-7297-3c3b-bad5-98aecd5e4a79,Derrick232 Kub800,M,GENERAL PRACTICE,127 CAMBRIDGE STREET  SUTIE #2B,BURLINGTON,MA,018033735,42.50188325,-71.19559351572005,20,0
4bccc8d5-330b-39ad-9b23-84a146ff63f1,2e1eaaf1-ebb0-332c-8921-f48e15b91879,Delmer311 Nolan344,M,GENERAL PRACTICE,2 SEAPORT DRIVE,QUINCY,MA,021711599,42.29287335,-71.03019020136307,13,0
a174695e-b5ff-377b-acf1-02fb443a6a03,609ec9f1-e806-3427-b912-9e3b2915521d,Cherrie404 Conn188,F,GENERAL PRACTICE,575 BEECH STREET,HOLYOKE,MA,010406604,42.20105435,-72.628169560868,4,0
665b8cf6-28e4-3a51-904d-1fe2b8f18050,bb3d48eb-0c30-34f4-8950-790fc984741b,Alane21 Frami345,F,GENERAL PRACTICE,1601 WASHINGTON STREET,BOSTON,MA,021181951,42.3381394,-71.0748562,71,0
5f5787ff-5b60-3021-9d98-5ee4d51b8f16,365eae93-6352-3d48-9a8d-dc9fa4b917be,Lorean637 Kertzmann286,F,GENERAL PRACTICE,32 HOSPITAL HILL RD,GARDNER,MA,014402302,42.572366450000004,-71.97690789055164,2,0
27224c86-2044-34bf-abd0-62ab1531aa2d,2b84e56e-08b4-3078-b3ea-4d159208e065,Barton704 Bahringer146,M,GENERAL PRACTICE,1029 PLEASANT ST,BRIDGEWATER,MA,023242301,41.9718173,-71.00937893001648,36,0
2fcdf288-f314-30ee-bfb5-59a6ddb1a8d0,05137a62-1a8f-34ff-8baf-a0c35c238ea0,Houston994 Olson653,M,GENERAL PRACTICE,750  ATTUCKS LANE,HYANNIS,MA,026011950,41.676027500000004,-70.29727035,8,0
f5ec1762-f97e-3401-83e7-c78aac389abb,a14e698d-a9ba-3eae-9c8b-682ec726433d,Brian582 Cummerata161,M,GENERAL PRACTICE,776 WESTERN AVE,LYNN,MA,019052408,42.466763,-70.9494939,106,0
6119aa85-360e-3b7e-8c4a-0b02e0a08cf6,a247ed53-5f17-3eb5-87be-1d2257fa1579,Kayleigh718 Weissnat378,F,GENERAL PRACTICE,44 KEYSTONE DR,LEOMINSTER,MA,014531904,42.55144955,-71.74402465363428,1,0
e8242ae1-8328-3303-bb6b-20b37b0ef490,4c1a8ea6-b690-3c28-a02e-ebd82190ee65,Hui924 Cronin387,F,GENERAL PRACTICE,885 WASHINGTON ST,BOSTON,MA,021111415,42.3479909,-71.064924,23,0
1b2f9d3d-25aa-328b-92e7-281515c2d677,5ba6765a-f335-36b0-9c6a-6bb494c5330d,Clemente531 Schamberger479,M,GENERAL PRACTICE,31 OLD ROUTE 7,WESTWOOD,MA,020902333,42.2139873,-71.2244987,1,0
6d5f246f-1294-33d4-9c77-749db2e9ffb5,b6eeaaf7-1683-3bcb-b6ee-81ce304636ef,Nicolás801 Nieves278,M,GENERAL PRACTICE,170 GOVERNORS AVE,MELROSE,MA,021763225,42.4564323,-71.064182,365,0
00a093f6-1982-3892-915a-2be9a8434542,65eda534-1bdc-3192-8d02-1c3764447790,Alonso270 Hand679,M,GENERAL PRACTICE,1244 BOYLSTON ST,CHESTNUT HILL,MA,024672115,42.3214927,-71.1711481,55,0
cd1d18e7-e4db-3ea3-a47e-b5aebdb80e73,d613e441-68e8-3502-8adb-3f770a1276bf,Colin861 Witting912,M,GENERAL PRACTICE,114 WATER ST,MILFORD,MA,017573007,42.13661855,-71.53474614336832,30,0
54df9633-b881-37c4-a4c3-75e78c7fdf61,6c064003-fa5a-38a5-b48c-36c5a9643e2b,Corey514 Franecki195,M,GENERAL PRACTICE,2343 WASHINGTON ST,ROXBURY,MA,021193200,42.329843,-71.084608,26,0
c87838e7-ce38-3f32-88b3-c83423d2936c,ace1ac31-036a-38fd-b451-b3b87157c717,Raphael767 Thompson596,M,GENERAL PRACTICE,170 MORTON ST,BOSTON,MA,021303735,42.299067750000006,-71.10124351911541,44,0
4d70ce9f-17b9-31d6-8538-3654924f63bd,18061fd5-fda8-3e2d-87f0-0f3c87211bcc,Omer483 Koepp521,M,GENERAL PRACTICE,1493 CAMBRIDGE ST,SOMERVILLE,MA,021431408,42.3875968,-71.0994968,46,0
0c234452-b589-321b-b8e1-2647c0d6d7b6,1faab3d1-2ae5-3110-8e5f-c65b92ca906d,Terri848 Ankunding277,F,GENERAL PRACTICE,29 LEWIS AVE,GREAT BARRINGTON,MA,012301713,42.19093125,-73.3715000043024,57,0
35b13cfd-13a0-34e4-a83d-32af4b12344a,c64c848c-0315-3115-87fa-80c360bb6a73,Sondra191 Zieme486,F,GENERAL PRACTICE,142 BERKELEY ST,BOSTON,MA,021164608,42.3489076,-71.0721378,69,0
2bc124fe-1fbe-3da1-bd02-09b7604b9206,4633340c-c833-30a3-ab0e-f5cfa5fda28b,Kimberly627 Trantow673,F,GENERAL PRACTICE,250 GREEN ST,GARDNER,MA,014401377,42.586896550000006,-71.98672640006858,46,0
26c6bd1c-f4b8-3bb7-9ac6-3462a0b666f8,b3ada130-6443-3a8e-98c7-4ec127a2b0c4,Natalya468 Haley279,F,GENERAL PRACTICE,ONE GREAT ROAD,ACTON,MA,017205601,42.4850931,-71.43284,2,0
6d03de08-47ef-39f3-9f9f-02e6dee45a7d,b71f6077-fcfe-3cfd-85f3-4169b4df3240,Alejandro916 O'Reilly797,M,GENERAL PRACTICE,331 MONTVALE AVE,WOBURN,MA,018016592,42.479166000000006,-71.11827360664039,25,0
8756047f-a84f-3c6f-b8cb-ce97bde12c18,acffdfa8-1383-3929-8c99-e73969491439,Iva908 O'Keefe54,F,GENERAL PRACTICE,1153 CENTRE ST,BOSTON,MA,021303446,42.3017598,-71.12855793387442,8,0
56a136fc-4d43-347c-91aa-36eae513a659,45ce6eff-535b-37e2-bed3-1946200aa03f,Mora209 Blanda868,F,GENERAL PRACTICE,309 BELMONT STREET,WORCESTER,MA,016041059,42.280233499999994,-71.7694812367883,19,0
f0c2ffad-974d-3070-88bb-12be921d34a3,fe30f2b4-9bc8-346e-afba-4455d1766545,Georgetta870 Turner526,F,GENERAL PRACTICE,17 LAFAYETTE AVENUE,CHELSEA,MA,021502010,42.40019115,-71.03050082480353,9,0
d94ff612-46ee-3a9a-95b7-f1407ef30479,6cf8a214-8d57-3267-85e5-7719e15cd63e,Michel472 Zulauf375,M,GENERAL PRACTICE,170 MORTON STREET,JAMAICA PLAIN,MA,021303735,42.299067750000006,-71.10124351911541,266,0
c1e78bcd-a4d8-3d02-96cc-9c296d19c252,13161e5b-02d2-3d19-8b48-26ef0becfc83,Janet238 Crooks415,F,GENERAL PRACTICE,165 CAPTAIN'S ROW,CHELSEA,MA,021504019,42.3917638,-71.0328284,16,0
4cbafed3-1a2d-3cb3-b7a5-0d322454aced,1c1f5e47-531c-368e-bbaa-f3e5cd8638a7,Isaac321 Gusikowski974,M,GENERAL PRACTICE,290 CENTRE ST STE 203,NEWTON,MA,024581641,42.35826483333334,-71.18497150833333,24,0
d631ef92-c776-3c9c-a04d-d1a1e785c268,0fedae9f-701f-3317-9b2f-69aea2202cdc,Isabel214 Figueroa648,F,GENERAL PRACTICE,88 EAST NEWTON STREET,WINTHROP,MA,021522715,42.3750976,-70.982827,133,0
cdfe902b-07ca-3ea8-bc14-86a9329e7605,4b7c1695-a178-3e03-8651-51acfd3b8372,Juan88 O'Keefe54,M,GENERAL PRACTICE,600 OLD SOMERSET AVE,NORTH DIGHTON,MA,027641824,41.86399,-71.1244904,63,0
7ac0e620-7530-3aed-acc9-699f4ba8f2ac,5c2e4b0c-fb84-3f95-bbec-a96c18600bf5,Earleen680 Schneider199,F,GENERAL PRACTICE,61 COOPER ST,AGAWAM,MA,010012149,42.0804485,-72.61914987322373,4,0
07e46746-79be-3a6e-b8fb-b0652526a27c,6adc9d34-9b73-3285-abb7-56e567f1ba26,Candy565 Wunsch504,F,GENERAL PRACTICE,271 NAHANT RD,NAHANT,MA,019081341,42.42554385,-70.91995214383596,1,0
4becd18b-e35b-30fc-a6ea-ca24167f3977,981338c4-287c-3621-bc45-8b0b9f1b8922,Cari853 Kohler843,F,GENERAL PRACTICE,640 BOLTON ST,MARLBOROUGH,MA,017523999,42.3658183,-71.55914630258509,29,0
5315fef7-c168-3615-9d6f-8b60fea50ec7,e59fb2d5-508c-38c6-af2e-21d8216dd2b0,Nicholle822 Fisher429,F,GENERAL PRACTICE,759 CHESTNUT ST,WARE,MA,010821625,42.256476,-72.237482,34,0
e9320dc9-a42f-347f-a720-3bde79dde404,7a3b8310-02eb-3c47-aa1b-3f55b3ed9de9,Lauretta754 Dare640,F,GENERAL PRACTICE,6 HATFIELD ST,NORTHAMPTON,MA,010602545,42.333172950000005,-72.6566355591273,1,0
96122df7-d517-3ab3-be5d-5e6609c4c34a,ecadbc11-930c-3903-b706-f8ef4bc9089e,Erwin847 Baumbach677,M,GENERAL PRACTICE,780 CHESTNUT ST,SPRINGFIELD,MA,011031109,42.1211633,-72.60614164702717,77,0
a2dd1b27-9db3-33f1-8aee-082c93703081,980d9bfa-a344-3bff-8c02-232dd0e8fd34,Waylon572 Lakin515,M,GENERAL PRACTICE,100 TRADE CENTER SUITE G-700,WOBURN,MA,018011851,42.4792618,-71.1522766,58,0
e060370c-0c9a-32f7-8cf0-a7a7f3a5627e,440fa4b8-c731-3cf5-81d9-aa3f30a37b95,Joanna347 Abbott774,F,GENERAL PRACTICE,41 & 45 MALL ROAD,PEABODY,MA,019602901,42.5278731,-70.9286609,170,0
41d31466-9816-3bd2-b1c6-a5006238336c,0fab3c4e-a028-39a6-b15a-be5a88b6aa2a,Miyoko154 Paucek755,F,GENERAL PRACTICE,222 STATE STREET,LUDLOW,MA,010563437,42.15547415,-72.47222226666076,2,0
0455b83b-fb08-3401-8a8c-7bd0300d3c21,3b021cb6-4745-3d9d-8436-230055f770bd,Dusty207 Franecki195,M,GENERAL PRACTICE,148 CHESTNUT ST,NEEDHAM,MA,024943238,42.27728075,-71.23665362814043,26,0
dafad2ee-56ca-3009-ab28-de8f51fab1ef,aaa7ebaf-b1a0-38c1-ba89-a16712cf431c,Violette536 Halvorson124,F,GENERAL PRACTICE,16 PLEASANT STREET,BRIDGEWATER,MA,023242420,41.98625885,-70.97978204646246,4,0
c4f05069-1472-3559-bc9d-17d725054251,ce53c877-0290-390a-b4b4-2462001a1713,Benito209 Chávez927,M,GENERAL PRACTICE,847 ROGERS STREET  SUITE 201,LOWELL,MA,018524345,42.6275246,-71.27673639687623,5,0
0d34e834-0d80-3d1c-acaf-0051db4384d8,e9a24be5-b0a3-3fd2-a606-dd13498024ea,Estella474 O'Hara248,F,GENERAL PRACTICE,85 E MAIN ST STE A,NORTON,MA,027662307,41.971697,-71.17689334021827,15,0
72f94708-a80f-3ce8-9788-4832880378d0,57e4e5fa-d68d-3caa-a5ad-37beb1b51207,Abdul218 White193,M,GENERAL PRACTICE,800 WASHINGTON ST,NORWOOD,MA,020623487,42.1886973,-71.2005241,1,0
7a99f43f-0b42-3c42-869e-10adef760131,2befa435-3070-3350-a15c-e43ac1e84b24,Teressa589 Schuster709,F,GENERAL PRACTICE,575 BEECH STREET,HOLYOKE,MA,010406604,42.20105435,-72.628169560868,11,0
cf9e00dc-1096-3586-819b-1c4b94e3b8c5,00ffb204-07b4-3c72-a678-fa252e6cf86c,Alex454 Satterfield305,M,GENERAL PRACTICE,450 BEDFORD ST,LEXINGTON,MA,02420,42.47370735,-71.25090005,108,0
48e1bc65-9f72-3494-9e0a-9c1c6337b57f,ad82d624-72eb-3c7d-a76d-79f2668d1390,Mathew182 Howe413,M,GENERAL PRACTICE,3 WOODLAND RD,STONEHAM,MA,021801711,42.452443099999996,-71.08939988105112,76,0
c674141d-6b66-359c-89fb-8e69a07a5b76,b8421363-9807-3b16-a146-95336eea5cfb,Saundra460 Kuphal363,F,GENERAL PRACTICE,30 LOCUST ST,NORTHAMPTON,MA,010602052,42.33032115,-72.65330802608176,255,0
b6262211-9c83-3d6e-a591-a5b733e2ba13,8424b5ec-ba0a-32e9-94ae-a9d397884093,Booker670 Casper496,M,GENERAL PRACTICE,49 BLANCHARD STREET  SUITE 101,LAWRENCE,MA,018431456,42.69651155,-71.1612176954981,3,0
747a2cf2-3586-37a2-83ac-01a540dc80ab,24460683-f514-37ef-98c1-724b2fc9aa2a,Dale454 Wilderman619,M,GENERAL PRACTICE,60 HODGES AVE,TAUNTON,MA,027803034,41.91158935,-71.10129620180315,10,0
d9d4ac18-aa7d-30cc-8892-eb31d07597cc,3076e02a-deac-3e81-96a9-1d32cbda6fca,Randy380 Kilback373,F,GENERAL PRACTICE,59 EASTWOOD CIRCLE,GARDNER,MA,014403901,42.567006649999996,-71.97817904424542,4,0
7f8bebcb-948f-3447-9d07-a7b3952bd0bf,fbd4ccdf-2fdb-3652-9bbe-1ccff886bd34,Tana168 Collins926,F,GENERAL PRACTICE,320 CENTRAL STREET  UNIT A2,SAUGUS,MA,019062372,42.4632069,-71.0093761,16,0
01358161-22eb-3601-9149-0557a96c1ab9,b8e724d5-b999-3029-8a2d-ad30fbd0b9ce,Dorris197 Rolfson709,F,GENERAL PRACTICE,63 MAIN ST,BROCKTON,MA,023014042,42.084598840000005,-71.01995972,29,0
e917812c-61ee-3d12-9880-20a9ffb1b9a2,901c2d40-1ca3-3879-9a20-c663b8adc0a9,Chanelle850 Schuster709,F,GENERAL PRACTICE,800 WASHINGTON STREET,STONEHAM,MA,021802445,42.4863168,-71.0928919,230,0
39839bed-18d3-379c-9457-eabe737e5184,b9e35b8a-9831-32d8-a6dc-d7a546c126b0,Domenic627 Blick895,M,GENERAL PRACTICE,111 HUNTOON MEMORIAL HIGHWAY  1ST FLOOR,SPRINGFIELD,MA,011092550,42.1018764,-72.5886727,7,0
2524ea02-b1d7-3887-aa6a-17d1624482d1,22249c0a-8ce9-3726-a3bb-b037c773ce5c,Thaddeus38 Sauer652,M,GENERAL PRACTICE,337 NEPONSET AVENUE,DORCHESTER,MA,021223103,42.2875144,-71.0470691675753,1,0
b288c075-7d8b-387e-8c5b-690fdfff73be,b1965e0b-9ef4-3e96-bad6-cb88ea7e7324,Lala778 Breitenberg711,F,GENERAL PRACTICE,1 HOSPITAL RD,OAK BLUFFS,MA,025571406,41.46063105,-70.57989080295974,33,0
4103076a-c6e5-32d0-8834-3a5243c776aa,38508743-50d1-3429-8fe2-37e42ddaf20e,Marth98 Mayer370,F,GENERAL PRACTICE,164 HIGH ST,GREENFIELD,MA,013012778,42.595268700000005,-72.59288632376354,186,0
752d5426-50df-31a4-b34a-3b30f94650c7,2f735290-1603-31b5-b561-7c8e0d413170,Amado512 Adams676,M,GENERAL PRACTICE,100 FOXBOROUGH BLVD STE 230,FOXBOROUGH,MA,020352878,42.041851949999995,-71.23486657070565,54,0
031627c5-2dde-3dcb-ab15-5519febe5f0b,e1818b21-4458-3b9c-b2b8-7ed6f57ae078,Sid118 Wilderman619,M,GENERAL PRACTICE,2399 BOSTON ROAD,WILBRAHAM,MA,010951185,42.14668485,-72.45048427046072,9,0
e6016fe6-8015-3f5c-8b3f-3acb2ed01da3,8d110f42-6f75-3751-b0c5-b45ab08333a1,Shonna561 Feest103,F,GENERAL PRACTICE,88 WASHINGTON ST,TAUNTON,MA,027802465,41.9062805,-71.09518121351795,10,0
37c8b70c-3046-3ddc-9219-47db340ad374,dd3307db-114c-3f11-be44-a9eef6bb3fc5,Evelin941 Ratke343,F,GENERAL PRACTICE,269 UNION STREET,LYNN,MA,019011201,42.4652772,-70.94362420273097,109,0
34582a77-8a07-31a9-99d2-895c8f3a7233,15d4c950-4691-3996-b4c4-bf06bfb58ff7,Alvin56 Crona259,M,GENERAL PRACTICE,70 EAST ST,METHUEN,MA,018445883,42.7285558,-71.16833738237946,12,0
f9d72f67-7d69-355d-ae6e-227318414e07,5018c664-e283-30eb-932a-529d9a19b3b5,Numbers230 Stehr398,M,GENERAL PRACTICE,300 SOUTH ST,WOBURN,MA,018014979,42.473347,-71.144086,141,0
8b67e778-7a24-3895-8b58-c90372413f85,2e8b42f8-4300-30a9-a576-d513d1021a0a,Beverlee316 Haag279,F,GENERAL PRACTICE,600 CLARK RD,TEWKSBURY,MA,018761699,42.63120935,-71.27023603178071,36,0
d1271811-e160-33a3-a51d-df8588eb3512,0caa0116-ef9a-3d4c-bcff-9c405a9d2bda,Yasmin241 Emard19,F,GENERAL PRACTICE,105 CHESTNUT ST STE 35,PLYMOUTH,MA,023604054,41.884685,-70.847219,34,0
3ba8b5fc-ccb7-319b-8392-6f42ebe48591,d4e48a16-0a60-3e90-81e5-c35b22ffe6af,Bertram873 Kutch271,M,GENERAL PRACTICE,856 STATE RD,NORTH ADAMS,MA,012473027,42.69967208677275,-73.16330754755236,1,0
2664d3ab-d752-32bd-a624-7c877968d40f,4ff8b164-4cf5-3ab4-b0f2-7ce8fda920e5,Latrisha74 Mante251,F,GENERAL PRACTICE,800 WASHINGTON ST,WORCESTER,MA,016550002,42.180483,-71.867782,166,0
d933e787-3cac-305f-be8f-ccfcf0afea2c,39c15c0f-5c49-311e-99d2-1fb99d80e06e,Nancie476 Homenick806,F,GENERAL PRACTICE,398 NEPONSET AVE,DORCHESTER,MA,021223134,42.286764399999996,-71.04402811508834,83,0
fed262c2-0047-3cc5-ac31-c161a8feea30,bccd7d67-203c-3d93-b6b0-bff5a146cd1d,Paulene52 Kihn564,F,GENERAL PRACTICE,286 WASHINGTON ST,STOUGHTON,MA,020721763,42.1384306,-71.1022598,38,0
074c3a30-ecba-34f2-ad30-beb21a380db2,07baae96-3d74-3c69-a845-dad7b792eb52,Sheryl275 Brekke496,F,GENERAL PRACTICE,42 ASBURY ST,SOUTH HAMILTON,MA,019821808,42.61322825,-70.87300675048934,42,0
5295351b-679e-3475-8a87-da8a3a561eb2,63cb4d95-04a9-3a35-b5d9-f89e0377a48d,Thanh759 Weber641,M,GENERAL PRACTICE,211 PARK ST,ATTLEBORO,MA,027033143,41.9419187,-71.2752081695297,74,0
01e9b044-4e93-3859-8174-28b832b4ac8c,4e880cb9-1ca0-3582-b8cf-8a59b0d2b878,Haywood675 Bednar518,M,GENERAL PRACTICE,51 S CHURCH ST,PITTSFIELD,MA,012016178,42.44648205,-73.25863241543368,18,0
ee3e547d-df4e-3d4b-9123-bbbf7fd74f27,a2a41caf-758f-3962-8e5f-e6e603f93d17,Noelle559 Padberg411,F,GENERAL PRACTICE,111 HUNTOON MEMORIAL HWY,ROCHDALE,MA,015421305,42.2020225,-71.89891616754682,230,0
de542dc0-290a-389d-95b8-2629753faf8a,db28cc9a-fdfb-35a6-aef7-ab9b933ef244,Judy192 Gleason633,F,GENERAL PRACTICE,8 DANA STREET,CAMBRIDGE,MA,021385402,42.3694992,-71.11011030010101,16,0
a6e9fa30-0904-3730-9451-afe0a71dfab0,ee6705d5-db4a-3120-bbe1-1e72972a841f,Regena252 Huel628,F,GENERAL PRACTICE,101 JACKSON ST,LOWELL,MA,018522103,42.64221447368421,-71.31029421052632,45,0
0c949eb5-d0e1-36a9-a7e1-32368cd6fb45,a6fb79e7-4abb-3a68-b62d-e501427fdca4,Barb55 Renner328,F,GENERAL PRACTICE,489 WASHINGTON ST STE 202,AUBURN,MA,015015709,42.187836,-71.83104,45,0
fc6f039f-4402-3e59-b7b5-e4e080752e7a,4e3c60e6-dbed-32c3-9b03-767d7fbc82b0,Venita81 Lind531,F,GENERAL PRACTICE,222 RIVER RD,LEEDS,MA,010539783,42.364084399999996,-72.70745188531934,1,0
5ece0206-9bfe-3bf9-a9df-255ad0b149dd,81b1ef2b-8d3c-3923-859d-ae56099e037a,Lesley194 Bradtke547,M,GENERAL PRACTICE,19 VARNUM STREET,LOWELL,MA,018502132,42.6520846,-71.29979019978185,1,0
746ee864-84b5-3c95-8092-e9f8dd9e3977,ea8d287f-b3a9-3800-8798-788e334ee406,Palmer257 Kuphal363,M,GENERAL PRACTICE,81 HIGHLAND AVE,SWAMPSCOTT,MA,019072928,42.4699241,-70.9171507,40,0
ddeec3be-ba7a-337f-bc44-e4ffee2aa03b,c7542447-e06e-32cb-b6db-243c23a0dbc2,Chantell995 Krajcik437,F,GENERAL PRACTICE,30 WARREN ST,BOSTON,MA,021353602,42.3501483,-71.14393324457691,102,0
4fe1a3f4-6027-34f9-b3dc-a3b1f508e8ef,50c47685-8125-3c50-8311-8bd7ba9e9108,Mariano761 Gómez206,M,GENERAL PRACTICE,4199 WASHINGTON ST,ROSLINDALE,MA,021311733,42.2871447,-71.1277526,23,0
d7a8adbd-5704-3385-a26c-1c0d62394520,8bf5325a-c11b-35c4-b07d-17a5aeba8353,Penni796 Okuneva707,F,GENERAL PRACTICE,815 WORCESTER STREET,SPRINGFIELD,MA,011511001,42.1018764,-72.5886727,11,0
3ace153e-470d-3241-971b-4bc9179d13c8,621bd7b5-3f4c-3555-8daa-f1216e352f33,Lashawnda573 Williamson769,F,GENERAL PRACTICE,34 AGASSIZ AVE,BELMONT,MA,024785023,42.38815185,-71.19406248191802,3,0
1cbd84ac-7e8b-3fd1-a481-632d3123bf7a,0b2738b6-7911-3aa4-8b6e-7e1df7c14fe1,Kayleen757 Stokes453,F,GENERAL PRACTICE,888 N MAIN ST,BROCKTON,MA,023011668,42.1061239,-71.02807965450519,1,0
6e85ef9c-9048-3f12-b354-c08b5ad5605a,46375470-1e20-3ddc-8dc5-010ba53826b6,Antonia30 Villalpando154,F,GENERAL PRACTICE,40 WRIGHT ST,PALMER,MA,010691138,42.16934095,-72.34120457065711,95,0
2a92bb2e-a502-3973-aee3-3d6908e11b71,aba3e6f6-4562-342e-b90f-dd61b117f394,Maryjane289 White193,F,GENERAL PRACTICE,438 CHESTNUT STREET,SPRINGFIELD,MA,011072008,42.11291091861002,-72.59692685125127,2,0
a270622f-42d9-3a06-94e0-501f2a4294ba,47fb5a56-bee5-3ecd-9958-706b20831c82,Ezra452 Torp761,M,GENERAL PRACTICE,600 CUMMINGS CENTER  SUITE 270X,WOBURN,MA,018016356,42.4792618,-71.1522766,11,0
942ad63f-5cd3-3d58-814c-3085caca260f,72f50aa0-d8c9-34dc-ac58-c428323f3bcd,Danuta945 Little434,F,GENERAL PRACTICE,55 FRUIT ST,BOSTON,MA,021142696,42.36286045,-71.06875296664998,68,0
64af7faa-6560-3a1a-bb27-c8ba90a24ee9,1cd20733-c6b9-31f9-b7c7-0c9357fcb560,Genevie117 Kassulke119,F,GENERAL PRACTICE,40 WALNUT ST,WELLESLEY,MA,024812102,42.32553365,-71.25238403429299,29,0
486c919c-2cd4-38a7-8ec8-4dcb0d280194,eee00932-ca82-36bc-b7e8-e3fff6dbaeaa,Leif534 Hane680,M,GENERAL PRACTICE,450 BROOKLINE AVE,WEYMOUTH,MA,021893141,42.2212188,-70.9391625,2,0
98a0b938-ffcf-3353-aac3-daf9f454e99e,50c7f768-9138-3dae-a67d-953bdf9ad754,Glenn0 Bogisich202,M,GENERAL PRACTICE,125 COUNTY STREET,TAUNTON,MA,027803561,41.8960599,-71.07799243944345,11,0
7ea8531f-4a2b-3cdc-a711-14a36fda2368,be509ccb-bfb7-3b87-8945-8426b689ef9d,Man114 Balistreri607,M,GENERAL PRACTICE,2049 DORCHESTER AVENUE,BOSTON,MA,021244742,42.3554334,-71.060511,3,0
2e3b72c0-7af9-3c34-a705-d894aacce6ac,6f90eaad-abe3-3ce0-b9a6-2031c5674f0d,Claribel706 Wuckert783,F,GENERAL PRACTICE,800 TURNPIKE ST STE 300,NORTH ANDOVER,MA,018456156,42.66074825,-71.10724143845708,28,0
adff01e2-83aa-3dad-b4f8-cd144e3d148f,6c7fe370-02c4-3537-8f5e-373b2168b933,Shon148 Swift555,M,GENERAL PRACTICE,60 HOSPITAL ROAD,LEOMINSTER,MA,014533791,42.54031915,-71.76312990486304,2,0
0f2e3257-8162-35b9-946c-97c0196b37fe,f8918a95-31e8-3ac4-8d12-29ca6080ebda,Rudolf736 Vandervort697,M,GENERAL PRACTICE,199 REEDSDALE RD,MILTON,MA,021863926,42.251368299999996,-71.0768393856917,64,0
1206de35-f84d-3aa5-ac99-6e3b767eeeb3,8d5880eb-1dd8-31ea-b7c5-21709f3bb341,Jared66 Satterfield305,M,GENERAL PRACTICE,50 ROWE ST,MELROSE,MA,021763201,42.4592093,-71.06078096379728,59,0
f3005582-9699-33d0-9367-5f3d4fb5199a,70e3ad4f-b9ff-3f3e-9990-2cd7e23a9d1c,Zane918 Bosco882,M,GENERAL PRACTICE,1238 RIVERDALE ST,WEST SPRINGFIELD,MA,010894675,42.1373438,-72.62624707492338,21,0
1ec0edaa-d7f6-30d0-b9f1-d4fb3640a80f,80458ace-5754-39b0-807a-1a5b119cb5bb,Carlene772 Nolan344,F,GENERAL PRACTICE,11 PONTIAC AVE,WEBSTER,MA,015701629,42.06282535,-71.87016198711046,1,0
796b53a4-6bde-3860-bd57-d3fdc294a118,09434cf4-ae0d-32ad-bc16-5ce7b0e5c12b,Chelsea317 Christiansen251,F,GENERAL PRACTICE,1041L Pearl St.,Brockton,MA,02301,42.055134,-71.06661,76,0
322f0f96-66cb-31cd-b505-0b78f3dc7ffa,dd280187-8662-3732-af81-595d10572911,Mertie42 Lakin515,F,GENERAL PRACTICE,4499 ACUSHNET AVE,NEW BEDFORD,MA,027454707,41.74026055,-70.9450945705336,135,0
451f1877-9e4a-37c8-852e-42318721bbc4,dae3ee01-f383-366e-9ad6-dc92963064ea,Orville751 Will178,M,GENERAL PRACTICE,1233 MAIN ST,HOLYOKE,MA,010405381,42.16578055,-72.63389634691956,246,0
396de7dc-76d9-34b1-a8a5-a921538069e1,dac75bc1-cbfa-306b-9a0a-88d5edf3638d,Addie421 Ebert178,F,GENERAL PRACTICE,170 COREY ROAD,BRIGHTON,MA,021358244,42.3433093,-71.14003855124017,6,0
b8144214-bbe8-3e33-b0d0-aff5c1a25afd,9d283097-e706-3421-8b98-948b1fdadf30,Maryellen651 Jast432,F,GENERAL PRACTICE,42 PROSPECT AVE,WEST SPRINGFIELD,MA,010894510,42.157666846720865,-72.63485704670578,1,0
2305d5cc-9fd4-30a7-bbdb-399f900dc679,a2cc09de-c1e2-3126-8c09-d49f95225281,Cristi782 Leannon79,F,GENERAL PRACTICE,300 LONGWOOD AVE,WALTHAM,MA,024532741,42.3756401,-71.2358004,2,0
bb60a606-e76a-383c-8368-07e57b56aa97,9f2f60a6-87a4-3f45-b753-b63b5b7e9993,Raul814 Considine820,M,GENERAL PRACTICE,332 HANOVER STREET,BOSTON,MA,021131901,42.3647421,-71.0536619,52,0
00f638ae-9de0-32b5-9e15-8b1197fe6c6f,f341c366-8313-3790-ab26-d8d27b116ff5,Augustine565 Greenholt190,M,GENERAL PRACTICE,80 LINCOLN STREET,WALTHAM,MA,024535465,42.39322121170625,-71.24104146434591,53,0
ebc5e7e9-1c6c-3bde-83ad-a86950367157,f312977e-8f41-3816-84cc-e5b12ba36955,Eldora89 Langosh790,F,GENERAL PRACTICE,1153 CENTRE ST,JAMAICA PLAIN,MA,021303446,42.3017598,-71.12855793387442,5,0
4628a2f9-e3a8-3053-a597-1eb6f2318f28,0519b293-2e92-3eb3-aeef-233da0babc93,Joslyn677 Friesen796,F,GENERAL PRACTICE,40 PARKHURST ROAD,CHELMSFORD,MA,018241511,42.6198215,-71.36189212971482,33,0
5482e444-1c65-38e0-b860-0c2a4b7edc11,c5403c4f-14d5-3171-9227-a9b8327f3149,Lonnie913 Ferry570,F,GENERAL PRACTICE,52 OLNEY RD,CHICOPEE,MA,010202103,42.1487691,-72.6071119,46,0
cc295ab5-8573-34d4-8c3e-4939419ac991,ce4d0501-49eb-396a-bc56-545fdfc624b0,Bea654 Daniel959,F,GENERAL PRACTICE,1 HOSPITAL RD,OAK BLUFFS,MA,025571406,41.46063105,-70.57989080295974,312,0
151b8644-2777-3d91-ae4b-f47ce7c40c26,70e943de-a18b-3e03-a204-ecca2f01b6d1,Joshua658 Wolf938,M,GENERAL PRACTICE,76 NORTH MAIN STREET,WEST BOYLSTON,MA,015831130,42.393642299999996,-71.79207534741954,8,0
64630525-37d1-3797-9add-f1b4aecdb78a,1ef8d603-bec1-35f5-a830-2a0b919cf47f,Dudley365 Kutch271,M,GENERAL PRACTICE,1801 TURNPIKE STREET,NORTH ANDOVER,MA,018456322,42.6355548,-71.0761760490546,3,0
8885a3bc-2dbe-300d-bf5b-dc6ddd72a884,afc661fd-71d9-3fc3-adf2-3fc3b5e8a140,Hyman89 Schmeler639,M,GENERAL PRACTICE,680 CENTRE ST,RAYNHAM,MA,02767,41.9487118,-71.0731008,14,0
b5129483-d05d-3d86-a0f2-733ec1ef76e0,be9a14c1-72a6-3186-b199-fdb070768458,Lisabeth458 Roob72,F,GENERAL PRACTICE,18 FRANCES ST,WOBURN,MA,018013006,42.488288600000004,-71.15015700746171,1,0
4fc2642b-6040-3b65-86ee-5c27e209fc0c,06cc2462-430f-3322-9c87-7e971125f510,Bryon392 Mann644,M,GENERAL PRACTICE,133 OLD ROAD TO 9 ACRE COR,WESTFORD,MA,018863198,42.5792583,-71.4378411,304,0
fabf4a4d-df6b-3df4-a883-bd731e22fdc6,ee7fab6f-6438-394f-b1f2-3e452f8f055a,Domonique463 Satterfield305,F,GENERAL PRACTICE,75 BRIMBAL AVENUE,BEVERLY,MA,019156009,42.570099299999995,-70.87108224250409,17,0
30952739-0e77-3385-8377-9aa259d2750f,880fad59-9c38-3a21-a39f-ccc801502ab3,Maurice742 Pollich983,M,GENERAL PRACTICE,799 CONCORD AVENUE,CAMBRIDGE,MA,021381048,42.390849395521705,-71.1556550001627,5,0
c0757130-3099-381f-beed-db590a5a50cb,a2d45ee8-b930-3169-b612-f602961ad212,Florance664 Leannon79,F,GENERAL PRACTICE,37 MINUTEMAN WAY,SHREWSBURY,MA,015452229,42.288207,-71.73443816915585,57,0
d418354a-c0a8-364f-8005-4bad560da486,0fa1cab9-83c1-3c85-b7bc-53d8b922e2f7,María José279 Rodríquez611,F,GENERAL PRACTICE,115 LINCOLN STREET,WORCESTER,MA,016081216,42.2768165,-71.795274,24,0
d2551e11-f543-346c-8be2-a2d214e17df3,817f4acb-0184-3146-9ce0-87197d8f115a,Julienne688 Buckridge80,F,GENERAL PRACTICE,30 NEWCROSSING RD STE 301,READING,MA,01867,42.51809619399502,-71.0959083715027,14,0
0c2e276a-eaba-3dce-bdab-f8b71d3525af,10ffe7b1-2f94-3f12-9288-679da05a1ec9,Odessa199 Hintz995,F,GENERAL PRACTICE,133 LITTLETON RD,WESTFORD,MA,01886,42.57056335,-71.41736646422413,16,0
5f95252a-ff98-3b0e-b753-e4eee4724f06,2b97893e-dc50-378b-a266-f089b8450329,Magdalena964 Torphy630,F,GENERAL PRACTICE,250 MOUNT VERNON ST,DORCHESTER,MA,021253120,42.3194571,-71.04610844302991,37,0
c7b782e6-9735-3218-9602-df60e4b50f66,d0894f6b-78d7-338d-82ad-b63de4d40014,Lynsey2 Lemke654,F,GENERAL PRACTICE,330 MOUNT AUBURN STREET,WALTHAM,MA,02452,42.3756401,-71.2358004,192,0
15053e8d-614b-3974-83b4-443995ccb170,3d5fbf38-c781-3e04-8c7e-5a402611b7d4,Enriqueta274 Barton704,F,GENERAL PRACTICE,260 ELM ST,SOMERVILLE,MA,021442951,42.3955992,-71.1227391,61,0
2eab810f-3802-3c42-918e-4adf67ba5f3f,fd5342f0-10c0-3f48-9c7e-7100a64db139,September423 Abshire638,F,GENERAL PRACTICE,30 PRINCETON BOULEVARD,LOWELL,MA,018512405,42.6353691,-71.3322833,1,0
8271f04c-c469-3138-90e5-1ccaad83e76a,9ed61c49-1d0c-3774-b528-d75b50938fe2,See995 Stoltenberg489,F,GENERAL PRACTICE,110 West Squantum Street,Quincy,MA,02169,42.272617,-71.03133,617,0
3b29b1d8-1a2f-307e-b701-6cbd20ba3672,7ac466c6-7968-33fd-882c-6d5418f88c8a,Valeri645 Hayes766,F,GENERAL PRACTICE,2 MEETING HOUSE RD,CHELMSFORD,MA,018242700,42.60140085,-71.35097894451894,70,0
08ee35e5-847e-3688-972a-374429591591,326bc5bc-8da8-3337-a76a-7d44202dae3d,Porsche32 Hermiston71,F,GENERAL PRACTICE,184 SWANTON ST,WINCHESTER,MA,018901921,42.4606573,-71.13806547771736,2,0
4991562c-3f2c-38b9-a78a-7fb6ce9de484,b5789b71-fc8e-3b7e-9eb2-3fc577943117,Ralph813 Miller503,M,GENERAL PRACTICE,81 RESERVOIR DRIVE,ATHOL,MA,013314901,42.581152349999996,-72.18775715069674,31,0
03efef71-90ec-31d1-baba-8f14ea3b7b39,edd58f69-ad5f-346b-b1f9-530ccdc895f6,Shawn523 Padberg411,F,GENERAL PRACTICE,52 CARPENTER ST,ATTLEBORO,MA,027032472,41.9369576,-71.27996091755344,29,0
21c05dc5-1fea-3ffb-8365-d8e66f5ebc2b,069b90f9-309b-35e4-b990-d1dbacb962cc,Leo278 Strosin214,F,GENERAL PRACTICE,36 LOWER WESTFIELD ROAD,HOLYOKE,MA,010402749,42.16975305,-72.63488031242107,6,0
8be48f6a-5318-3bd1-80f5-bc49ec670d53,d087a353-12da-3785-b121-fb1291f8a721,Ettie537 Baumbach677,F,GENERAL PRACTICE,17 CLARENCE ST,WORCESTER,MA,016052430,42.287673653061226,-71.80890779591836,27,0
7ddf07d0-1a20-38d6-a7b5-f0f85f9c0885,2c2e6afc-9578-3ba5-bb12-eed97d3a823b,Ernie189 Schroeder447,M,GENERAL PRACTICE,405 RIVER ST,MATTAPAN,MA,021262210,42.2699017,-71.09061872585616,1,0
8c210bda-b598-3ca6-bc83-488523594a21,51759ecf-0948-3f61-b8fc-09dd8f2b90a1,Damon455 Schultz619,M,GENERAL PRACTICE,CHRISTIAN HILL ROAD,GREAT BARRINGTON,MA,012301108,42.207865,-73.360405,4,0
7d723d1a-85b2-3cbf-a668-244b698fcd1d,a855314b-4fb5-37fc-8015-5caa96c928b1,Terrence276 Kiehn525,M,GENERAL PRACTICE,759 CHESTNUT ST,SPRINGFIELD,MA,011991001,42.121522049999996,-72.60300615153007,32,0
baf897bb-2ced-330e-a2d8-b89b99da6466,0a8a4b11-d0b8-3cd2-92cd-983de5189cfa,Angelena945 Nicolas769,F,GENERAL PRACTICE,111 BIRCH STREET,LYNN,MA,019021574,42.47859105,-70.93458444045801,10,0
b20ecca2-c2cd-3226-b105-87c8987ebf91,335fe080-43f9-3219-84bd-031c4fcfe9d5,Nikki942 Hilll811,F,GENERAL PRACTICE,146 PARK AVE,ARLINGTON,MA,024765829,42.421350950000004,-71.18224816367342,1,0
e8e4ebb2-3f94-3a0f-af1b-414d6f9a1614,3e97ce4f-3ad7-3cea-883f-e2bb4ca89d83,Fidel864 Swift555,M,GENERAL PRACTICE,30 NEW CROSSING RD,READING,MA,018673270,42.51809619399502,-71.0959083715027,44,0
62429146-9f12-3195-875e-e02b19649296,c0132cf6-1703-3aad-89b4-cc2f2bbc123e,Lovie151 Schoen8,F,GENERAL PRACTICE,66 NEWTON STREET,WALTHAM,MA,024536058,42.3746705,-71.22789736306842,22,0
c34d702c-1cce-3ce3-98db-d107c9b6bd4b,36d328a2-68bb-3967-a9bf-00897a7c945f,Jettie913 Rodriguez71,F,GENERAL PRACTICE,299 WAREHAM STREET,MIDDLEBORO,MA,023462905,41.869676,-70.873384,5,0
d752b977-674c-393a-8797-043daa56ffcb,0f2c58ec-5323-3c0f-9bdf-af0df7eb2a2b,Mana631 Boehm581,F,GENERAL PRACTICE,130 DORCHESTER STREET,SOUTH BOSTON,MA,021272642,42.3334312,-71.0494949,1,0
97ad9fff-c80d-36e5-8f74-af4b2a9b2fe6,51370692-6296-3150-8672-559fc73f964f,Jeromy156 Okuneva707,M,GENERAL PRACTICE,75 FRANCIS ST,WEST BRIDGEWATER,MA,023791542,42.0219112,-71.019004,92,0
146f204b-241b-3224-8e7d-14b8d414aa34,cdc87240-38e9-36f8-959b-706642e01e11,David908 Mendoza384,M,GENERAL PRACTICE,243 CHARLES ST,STONEHAM,MA,021803559,42.4814675,-71.0924311,105,0
59040eea-2b7a-36c4-aa43-8947199212e4,c6b019eb-28ec-36f6-abf3-bcc4d1d58966,Maren639 Aufderhar910,F,GENERAL PRACTICE,33 AVON ST,WAKEFIELD,MA,018802310,42.50403445,-71.07462951514611,73,0
3e979fd9-4b62-3544-9ba8-5ed03b508c7b,2836d9ac-c6a6-39d1-8f13-fdf0fc8928f4,Alysha630 Koch169,F,GENERAL PRACTICE,365 EAST ST,TEWKSBURY,MA,018761950,42.6069472,-71.2180803,432,0
0b717c7b-2230-3002-bd21-6d833aa4a2d8,a2f8d8fe-665e-390f-8b9b-efdc0b14a77c,Pearlene638 Towne435,F,GENERAL PRACTICE,161 JACKSON ST,LOWELL,MA,018522103,42.6425382,-71.3093946,80,0
78b99f2a-b61d-3b71-a7df-2c293498417d,82c72223-f521-3a34-9b9b-4ff366365399,Shon148 Reinger292,M,GENERAL PRACTICE,2100 DORCHESTER AVENUE,QUINCY,MA,021691870,42.2509914,-71.0037374,109,0
9b43facf-32d8-3ed5-a5c4-b76dd5ce0e30,7c625dc4-2593-31eb-95fd-6a912832b8bb,Imogene688 Braun514,F,GENERAL PRACTICE,980 WASHINGTON STREET  SUITE 124,DEDHAM,MA,020266704,42.228918,-71.18501264023513,4,0
b13a2be9-5dba-3041-b1c6-62ff62c512ea,f22bc2ac-f8bd-3f9f-9a40-93db37639d3f,Glennis930 Erdman779,F,GENERAL PRACTICE,735 ATTUCKS LN,HYANNIS,MA,026011867,41.6747631,-70.29768515601289,55,0
b348e117-603f-36fa-bbcf-edd5c59556cb,719db77c-034f-3079-9b12-0d2ec2efeef9,Derick144 Murray856,M,GENERAL PRACTICE,1601 WASHINGTON ST,BOSTON,MA,021182006,42.3381394,-71.0748562,15,0
86a146a4-5ebb-3036-864f-aba55f894af2,04b252db-4231-3cb5-963d-6f096fb4b97c,Horace32 Grady603,M,GENERAL PRACTICE,1177 PROVIDENCE HIGHWAY,NORWOOD,MA,020625019,42.194543,-71.1994976,7,0
438ce67e-d033-3e9c-87f3-97ff1cbfe4dc,83579123-f29c-39b8-9f5f-8f79e91683c7,Reggie481 Kassulke119,M,GENERAL PRACTICE,100 CENTURY DR,WORCESTER,MA,016061244,42.3138278,-71.7707002,69,0
ed601dd5-1231-3f3a-913d-e7f4404c69ad,a94f4f6e-88ad-39ff-a935-dc87f13327b1,Fae378 Wiza601,F,GENERAL PRACTICE,370 WEST STREET,LEOMINSTER,MA,014532073,42.535877150000005,-71.77537115047085,3,0
5eb5230a-f361-3485-809a-23b77fd309ca,4bde4cbc-55f7-3501-90eb-2c88178c7be1,Melvin857 Nikolaus26,M,GENERAL PRACTICE,50 MEMORIAL DR,LEOMINSTER,MA,014532238,42.541995,-71.7628835,47,0
d43f9ad8-2b69-3d57-82f4-7e46e9369f22,e2eab39c-5195-34aa-b35f-e89e37cfed01,Miguel815 Roberts511,M,GENERAL PRACTICE,55 FOGG ROAD,WEYMOUTH,MA,021893141,42.175539799999996,-70.9539153674405,33,0
e7a51f5e-aa47-3840-b933-1d68a169f973,4fa8411f-42f8-3353-8947-bf15254c9dee,Lane844 Gutmann970,F,GENERAL PRACTICE,90 GREENWOOD STREET,WAKEFIELD,MA,018804039,42.476321150000004,-71.06922169005762,1,0
632d06a8-dd40-3052-b66b-26741aa12836,a977feef-f585-3fa8-8deb-7e60fc2cab30,Kimbra238 Schulist381,F,GENERAL PRACTICE,2314 MAIN STREET,TEWKSBURY,MA,018763128,42.58023655,-71.19367180835906,1,0
45fcac2d-6f33-34dc-a2fd-aa56686b93b9,b411fd60-9bd5-30f1-99b4-c24a409964a1,Wanetta360 Schumm995,F,GENERAL PRACTICE,42 ASBURY ST,SOUTH HAMILTON,MA,019821808,42.61322825,-70.87300675048934,43,0
b14c0ad3-975d-3419-ae5b-33427a53cf3d,1de7e7d9-9a7a-3a3f-bf4c-b4de450711f2,Clelia416 Morissette863,F,GENERAL PRACTICE,198 LITTLETON RD,WESTFORD,MA,018863429,42.564282,-71.42620615382347,4,0
5b35a5d6-b34c-39d8-a1d4-e216af37d276,f5ccbb53-e4a0-32e5-a693-02150497a8f4,Tyrone215 Huels583,M,GENERAL PRACTICE,100 HIGHLAND ST,MILTON,MA,021863881,42.250705749999995,-71.07724199194602,59,0
2352c51f-5dce-383b-adbf-bf5cc1f1c4d7,497f39dd-280e-3d58-af5b-c5e3a3a09b10,Randy380 Bergstrom287,F,GENERAL PRACTICE,27 PARK ST,HYANNIS,MA,026015230,41.65363635,-70.27352219234834,130,0
6c0d5828-c81d-3fe9-b8d5-f7ea6a6abc79,b0762027-dc86-335b-8310-f4f031c1caca,Elijah719 Swift555,M,GENERAL PRACTICE,765 WEST CENTER STREET,WEST BRIDGEWATER,MA,023791517,42.01302315,-71.05345585281756,3,0
2eb24faf-ab9d-302a-a855-5ca6059273b6,0d7fd824-1c7b-3f8b-a662-f6c2005e82e1,Lyndon118 Trantow673,M,GENERAL PRACTICE,88 MASONIC HOME ROAD,CHARLTON,MA,015071394,42.1389039,-71.9782681,6,0
2ea35753-7d11-3844-8db0-78107ae255b0,7445ae34-b648-3d3a-b8cf-0eb630061b6e,Brenton674 Pagac496,M,GENERAL PRACTICE,34 CEDAR ST STE 4,WEST ROXBURY,MA,021324338,42.2792649,-71.1494972,1,0
fb7cd014-3f51-3175-996f-0f6dfcbe9187,1ab2b5f9-cb95-3236-beec-9b9d4a407c61,Latoria810 Eichmann909,F,GENERAL PRACTICE,725 NORTH ST,PITTSFIELD,MA,012014109,42.4600752,-73.2492795834909,6,0
0f17c1c7-b872-37c5-b7c9-7ea5f5be2e4c,07ae483b-b351-3add-8b05-afba832b88ea,Harold594 Murray856,M,GENERAL PRACTICE,5 REDLANDS ROAD,WEST ROXBURY,MA,021321506,42.2879347,-71.15108161583282,8,0
9b357376-228f-3d40-a56b-f9995391bb08,ec509895-6196-36d1-b91e-272bed7e6196,Anita473 Araña824,F,GENERAL PRACTICE,40 ARMINGTON ST,ALLSTON,MA,021342406,42.3521617,-71.1375176,8,0
ecb39de8-e56a-3e13-8bcc-9507b58bce45,41e2a44c-477c-3511-96f9-12c476aa3b6a,Antwan357 Lindgren255,M,GENERAL PRACTICE,85 E NEWTON ST,BOSTON,MA,021183553,42.336277100000004,-71.07085295687423,323,0
a3fc2f30-bd58-3037-bd28-ea0bdb9f6b6a,f00601d0-d49e-30ed-bc3e-314379f2103e,Elijah719 White193,M,GENERAL PRACTICE,490 MAIN ST,MELROSE,MA,021763841,42.4550741,-71.0654799,38,0
bcc72742-6984-36de-bdd1-c77c0226d836,9d41e4fc-9507-3ddb-82ad-966046fca031,Ashlyn643 Lehner980,F,GENERAL PRACTICE,104 RANDOLPH ROAD,WORCESTER,MA,016062465,42.29955605000001,-71.79838133819244,2,0
6fb57aea-1927-345f-ba84-64657b96769a,5b0cd0a0-f277-3a66-bee6-d64b5be4a3f5,Waldo53 Hintz995,M,GENERAL PRACTICE,725 NORTH ST,PITTSFIELD,MA,012015493,42.4600752,-73.2492795834909,3,0
4e5085a2-dd01-3375-bfa9-88b2ece91636,f5b88e0f-3f0a-3400-b56f-26247e2a35ac,Laci507 O'Keefe54,F,GENERAL PRACTICE,585 LINCOLN ST,WORCESTER,MA,016051906,42.2962766,-71.7688972944814,21,0
ed9ece9b-dcb9-33c8-928b-691a5556d158,4956f573-3dc2-3a67-9692-2f57451744e6,Kathe603 Davis923,F,GENERAL PRACTICE,400 BOLTON STREET,MARLBOROUGH,MA,017523912,42.35966285,-71.55290125539051,1,0
c305375e-4002-37b0-9821-ffd56a074961,69195f53-626c-3031-b4de-d0b206f75d8c,Hal307 Wiegand701,M,GENERAL PRACTICE,174 FOREST HILLS ST,BOSTON,MA,021303353,42.306401050000005,-71.10237442688054,2,0
7013cd87-5f61-3c00-a067-53e41eacaa9b,60e897f9-7491-3610-81e5-d44b3d36b8c4,Aaron697 Strosin214,M,GENERAL PRACTICE,63 STATE RD,GREAT BARRINGTON,MA,012301224,42.20224745,-73.35469687339696,49,0
43ddfddf-8a32-32bf-98e8-154bddab969f,c1986c0c-f756-3596-8f90-08adacf220fe,Dong972 Auer97,M,GENERAL PRACTICE,73 CHESTNUT STREET,SAUGUS,MA,019061605,42.4573919,-70.9918055,4,0
c5f60359-ee81-3e90-ad9f-eff02499950a,67d2f85b-ddc7-3ed0-b90b-6fa5b7b8358a,Marshall526 Jenkins714,M,GENERAL PRACTICE,43 FOUNDRY AVE,WALTHAM,MA,024538313,42.37050535,-71.21908334877376,72,0
aad125bd-437a-36ce-8c15-7dcd97531abd,0d9b0d22-585e-3fd8-ab02-26b5be7915d1,Duane703 Koelpin146,M,GENERAL PRACTICE,516 CAREW ST,SPRINGFIELD,MA,011042330,42.12133575,-72.59217953646302,167,0
348202c6-27e2-3c07-add0-64fc302f57ac,0d1570ab-371c-3898-9397-95905d8c5166,Jose871 Dicki44,M,GENERAL PRACTICE,750 WASHINGTON ST,BOSTON,MA,021111552,42.3499038,-71.0631836,195,0
ebdcbc41-6e60-31d7-9b0e-d661772bbb4b,1853aeef-5897-326a-80d6-aa4b0459eb6d,Jewel43 Kassulke119,M,GENERAL PRACTICE,381 WICKENDEN ST,ATTLEBORO,MA,027032247,41.9438129,-71.2806515,6,0
719ab443-2e15-300a-84d2-0478e091173b,4b7e26e6-e5b1-38c9-b4ac-fde9a0f93177,Maggie320 Eichmann909,F,GENERAL PRACTICE,38 BROAD STREET,QUINCY,MA,021694604,42.2560352,-70.99469254391217,63,0
588c9340-08d1-3833-ba42-d657856a1b5a,93552c27-f173-385f-8849-ee56c25f638b,Song837 Cummerata161,F,GENERAL PRACTICE,359 HIGH ST,GREENFIELD,MA,013012617,42.6033006,-72.58135309677492,1,0
7c3fba02-2b33-38c9-8175-bdc210081bc0,f3030ee3-dfa5-3595-b684-9769e52a580a,Etsuko685 Torp761,F,GENERAL PRACTICE,88 MASONIC HOME ROAD  DAVENPORT BLDG  2ND FL,WEST SPRINGFIELD,MA,010891357,42.105237,-72.6213712,2,0
6cc43113-2473-3d37-8f3b-8a4131b3c0e3,01bb7b5c-f850-3c4e-a3f1-442d8273559a,Charley358 Effertz744,M,GENERAL PRACTICE,395 PLEASANT ST,NORTHAMPTON,MA,010603914,42.3150543,-72.62555561349089,6,0
1d45cadc-cc75-361b-9d2e-1b3f43756c71,22fa6d28-92b6-3446-a388-f5aba50debaf,Clarence5 Robel940,F,GENERAL PRACTICE,123 CAPTAIN'S ROW,CHELSEA,MA,021504019,42.3917638,-71.0328284,2,0
ffa941f5-20d6-388c-bba8-4870a2abafb4,c0a33465-d309-3d2a-932e-9d554a7cc19c,Nathanael908 Rogahn59,M,GENERAL PRACTICE,100 CENTURY DR,WORCESTER,MA,016061244,42.3138278,-71.7707002,166,0
3cbdf26d-12ec-37a5-99b3-e84f6593f721,689f8809-c101-38db-b3c9-580b4c37f268,Reina25 Quesada500,F,GENERAL PRACTICE,364 STATE RD,VINEYARD HAVEN,MA,025685624,41.44720825,-70.61474940346154,45,0
85886384-6a0b-3416-8b90-8b778cd0d240,80646050-1c76-3046-bbc8-fd5f0b7c34e6,Raleigh478 Hauck852,M,GENERAL PRACTICE,140 ARNHOW FARM ROAD,FITCHBURG,MA,014201369,42.5903661,-71.8119837,16,0
0d76e540-a7f0-3479-9b3c-f63faf48c5e3,0be0e035-8dad-387e-bbdd-a5a469c4311f,Tyler508 Howe413,M,GENERAL PRACTICE,480 MAPLE ST,DANVERS,MA,019234065,42.584178050000006,-70.97197467750539,52,0
34e3a0b0-d3c9-3673-a5b7-1eaa93e67b0f,a9fc7aa5-d3b3-314d-9cf7-af29051d3dd9,Rudolf736 Hermiston71,M,GENERAL PRACTICE,1193 SEA STREET,TAUNTON,MA,027803960,41.8946107,-71.11113,6,0
76a5073b-8c34-334b-a4fd-322c710e0b72,8ec2ca51-abb4-35dd-b90f-6c6aad6d2124,Oda116 Conn188,F,GENERAL PRACTICE,22 JOHNSON STREET,PEABODY,MA,019602311,42.54644385,-70.99288129112277,19,0
584ab15b-6c69-3cbc-b35e-865ea26af314,9fdce5d5-d4d0-3156-a8d5-8757bfe4e9b3,Rosario163 Kilback373,M,GENERAL PRACTICE,1 FARMER CIR,ARLINGTON,MA,024742866,42.42405225,-71.16792616556859,57,0
c07cdbcf-6df8-35c4-aeaf-924835799205,86f41096-d81f-3e26-b770-b26adc017d3e,Floyd420 Prohaska837,M,GENERAL PRACTICE,288 WASHINGTON STREET,QUINCY,MA,021695523,42.24983615,-70.9902487341626,1,0
b965ecd5-03c0-37d5-ac59-6be6bb8faff8,b3b56527-d366-3353-bca9-266a12f23051,Gil594 Schroeder447,M,GENERAL PRACTICE,60 QUAKER HIGHWAY,UXBRIDGE,MA,015691628,42.06100105,-71.62352848737622,6,0
b55c1b87-3513-379c-896c-f1e0f47cfc5b,c5742266-625d-3824-9ed3-4b5c6bc3e296,Rod343 Goyette777,M,GENERAL PRACTICE,22 BRAMHALL ST,SCITUATE,MA,020664312,42.1939754,-70.7697128,5,0
48315e2c-bdc0-3104-b071-79b1e28a99a8,b242f971-3c74-3778-b148-81366c1e6a3f,Jaquelyn689 Bernier607,F,GENERAL PRACTICE,10 CAREMATRIX DR,DEDHAM,MA,020266149,42.2270762,-71.17237295563174,83,0
71912c09-5487-3d57-87e0-c650a6355683,e8d0fea4-45cb-32d3-8798-0fe6156c4409,Dannie881 Howell947,F,GENERAL PRACTICE,265 ESSEX STREET,BEVERLY,MA,019151958,42.56513015,-70.86168781456092,1,0
2ec9f6fb-4761-336f-95ce-603fbf2c1d5c,6929d249-cc27-33aa-a871-b6f26059615d,Sina65 Fritsch593,F,GENERAL PRACTICE,ONE HOSPITAL ROAD  FIRST FL  WING 5   PO BOX 1477,OAK BLUFFS,MA,025571406,41.4538523,-70.5684713,49,0
504d6145-6608-39d3-9eb6-c0d88530870e,aad05540-c9cb-3805-b3c4-f9b9d9b42b2e,Quentin28 Fritsch593,M,GENERAL PRACTICE,821 E MAIN ST STE 3,CHICOPEE,MA,010206306,42.155774795300516,-72.55672263289513,45,0
4aab5294-5bc2-3e23-9bf7-23cfc42710ff,1aa9084e-2b86-3d6e-93ab-dbe6d4dda601,Casey401 Schultz619,M,GENERAL PRACTICE,100 OLD BILLERICA RD,BEDFORD,MA,017301267,42.499905749999996,-71.25668964877971,1,0
136a648e-10d5-34d3-a016-bde81470df9d,19a3afba-b409-3650-a0ab-f3faf6e391ef,Patrina117 Strosin214,F,GENERAL PRACTICE,199 REEDSDALE RD,WALTHAM,MA,024511433,42.3756401,-71.2358004,29,0
5d74b682-799d-3415-bd20-4e78b3e23ba6,cbebae9e-f95e-3d2c-9712-289ea8d6aeec,George991 Haley279,M,GENERAL PRACTICE,49 ROBINWOOD AVENUE,QUINCY,MA,021698130,42.2509914,-71.0037374,136,0
1e7ae8d2-4e56-3d4e-b973-ae642f8cd24f,5862e05c-9533-3f7a-8f73-215d50f5ee2f,Emilio417 Barton704,M,GENERAL PRACTICE,1200 CENTRE ST,ROSLINDALE,MA,021311000,42.29768,-71.130463,15,0
213cd122-488a-321e-a5a5-f58256c5200e,ec7e487e-7e78-3eac-a9ee-37f8de98a0f9,Sid118 Hammes673,M,GENERAL PRACTICE,277 WASHINGTON STREET,ABINGTON,MA,023512489,42.10060947239023,-70.94967338146704,5,0
06e01c49-e521-3545-ac0a-4ea54f332bb6,a8f1424c-00bc-3403-8db5-cd600978f3a4,Amos720 Bogan287,M,GENERAL PRACTICE,8 BURNHAM ST,TURNERS FALLS,MA,013761816,42.6042523,-72.5564777,59,0
fd50a5a5-9fe7-3ebc-8b18-4aa81386c5ac,471f7ca2-38f8-3080-8109-187c73ec0b1f,María842 Ybarra887,F,GENERAL PRACTICE,27 CONGRESS ST,SALEM,MA,019707308,42.518722068313224,-70.88940635956651,20,0
4d6e64ff-9569-3dcd-9197-38315a239930,a5577e5c-b886-37a0-8eee-8ff6feb7ea6b,Synthia172 Keebler762,F,GENERAL PRACTICE,330 MOUNT AUBURN ST,CAMBRIDGE,MA,021385502,42.3741033,-71.13417575971958,165,0
dfa0b57b-7a7e-35a3-9672-71de04de6351,20df65a4-7567-3066-b680-0f71b0c31d38,Kristina583 Bashirian201,F,GENERAL PRACTICE,242 GREEN ST,GARDNER,MA,014401336,42.58685735,-71.98748072431209,67,0
38537cbe-ce94-3f69-b238-a869a950d190,5581e43d-0463-3a0b-afc7-a60aea5ac96c,Brock407 VonRueden376,M,GENERAL PRACTICE,57 RIVER RD,ANDOVER,MA,018101144,42.69112645,-71.19636086287642,17,0
a02060fd-8bba-3908-832f-eeed156f4c94,7dcab1ad-0e13-3700-9eb0-70767c5e2b55,Tomás404 Saucedo620,M,GENERAL PRACTICE,1515 ALLEN ST,SPRINGFIELD,MA,011181803,42.095299499999996,-72.50943136142334,8,0
9eb791d5-0fa2-30ad-9665-fcdbd20e034e,62b55e5b-b58f-354d-8f2d-f2a330bc619e,Brandon214 Gerlach374,M,GENERAL PRACTICE,201 HIGHLAND ST,CLINTON,MA,015101037,42.42738865,-71.69329092351188,80,0
35e64421-b1e9-33f8-b426-eb97d5dabcdd,966245ce-e84d-36b0-a838-2e0b5bb2e668,Pei116 Crooks415,F,GENERAL PRACTICE,1425 BLUE HILL AVENUE,MATTAPAN,MA,021262122,42.2754929,-71.09384131587021,13,0
673364bd-0356-3b03-9a26-43a107ae396d,b9a91cbd-3263-31d9-9cff-55873cf8b2e2,Bart73 Becker968,M,GENERAL PRACTICE,25 Bond Street,Springfield,MA,01104,42.110065,-72.60007,49,0
a0523ce2-e99e-3a5b-955c-924ae42734a5,9dbd44ba-59b2-3d1d-ac91-3880af8081d2,Tori754 Larson43,F,GENERAL PRACTICE,529 MAIN ST STE B,ACTON,MA,017203965,42.4878132338563,-71.43046999422496,55,0
8a0e852f-849c-33cb-a012-373604f0bd1b,4eddfa13-f996-3048-9bbc-541b0a29038a,Vince741 Schmidt332,M,GENERAL PRACTICE,736 CAMBRIDGE ST,BRIGHTON,MA,021353601,42.348649949999995,-71.14799584850206,49,0
12ae97a6-a6b0-37f4-9554-ea05cac2db67,845fbd9b-2d1c-39a8-8261-28ae40e4fab2,Sam879 Rippin620,F,GENERAL PRACTICE,14 PROSPECT STREET,UPTON,MA,015681431,42.1700209025178,-71.59409308099494,136,0
1440e5b2-1aaf-3983-9f81-694ff65d7f58,946ec45f-5c4a-361f-b158-927144864133,Glynda607 Harvey63,F,GENERAL PRACTICE,19 MIDSTATE DRIVE  SUITE 130,AUBURN,MA,015011856,42.1894693,-71.85604765,3,0
7e8435cb-7cb1-30c1-b9f5-d9925b416e65,bac9dc0c-cb0f-3fa6-aa12-819dd0fb922a,Floy720 Greenfelder433,F,GENERAL PRACTICE,1493 CAMBRIDGE ST,SOMERVILLE,MA,021452935,42.3875968,-71.0994968,66,0
fb754c77-832a-33cb-945b-e0b3e6ad9dec,84d5768f-3a21-3da9-aad2-bbf7a3ae2700,Hank686 Schneider199,M,GENERAL PRACTICE,817 MERRIMACK ST,LOWELL,MA,018543548,42.650296999999995,-71.32263756223612,24,0
ca9fdce2-dbc4-347d-8c1d-785a8cee53b3,9ce6072b-d039-3cde-8eaf-950211b8ae88,Terrie907 Ratke343,F,GENERAL PRACTICE,147 S MAIN ST,MIDDLETON,MA,019492446,42.585787222720036,-71.00861442427218,5,0
5e635ee7-76e3-304a-bc1b-a9af00558da4,2576629d-4a1a-3a63-8c08-779cbd8ef98b,Naoma512 Bashirian201,F,GENERAL PRACTICE,204 MAIN ST,ORLEANS,MA,026533428,41.78516795,-69.96772048551409,16,0
7b622b04-551a-3819-8442-22d4fc60d910,af8566eb-8918-3ec7-ba44-92b6a2cf8097,Madelaine318 Walker122,F,GENERAL PRACTICE,81 HIGHLAND AVE,SALEM,MA,019702714,42.5112107,-70.90516241826194,141,0
82eda69e-6e92-380f-b5d0-72deb10669b1,d4a03501-69f6-3a89-ac27-ed25976fdb6f,Clarence5 Hyatt152,M,GENERAL PRACTICE,25 WOODLAND ROAD,STONEHAM,MA,021801705,42.450448800000004,-71.09076944938434,14,0
eaeb49eb-483a-3ced-8b2c-1ca95776abaa,058176fd-cbb0-328b-8411-c19f5045032d,Breana975 Sanford861,F,GENERAL PRACTICE,840 EMERSON GARDENS ROAD,LEXINGTON,MA,02420,42.43761961817366,-71.19888753880475,13,0
327281b8-a225-3daa-8820-487788f9c777,69cb2157-b620-3c51-9c94-f516462d2d55,Luther918 Schroeder447,M,GENERAL PRACTICE,11 WATER ST,ARLINGTON,MA,02476,42.41642055,-71.15424293038585,18,0
b848c0e6-7cb3-3a83-b8a9-af8900c754e5,ae3eab22-8868-37bb-9a59-2b8bfe14bf34,Minh326 Smitham825,M,GENERAL PRACTICE,2033 MAIN STREET,ATHOL,MA,01331,42.58522105,-72.20868129339888,24,0
e564af4f-615a-3a4a-8018-80ef87a344dd,9a20d707-68e4-32c0-b2b2-2f5d5c2012cd,Gerard367 Pouros728,M,GENERAL PRACTICE,131 CAMBRIDGE ST STE 1,BURLINGTON,MA,018033711,42.50284395,-71.19574553661971,51,0
d3b3afdd-00d3-33b4-8613-f892a8499a12,41f66e18-8eb7-32f2-9371-7df5bf2b8d21,Lonnie913 Mraz590,M,GENERAL PRACTICE,170 UNIVERSITY DRIVE,GREENFIELD,MA,013011238,42.6097476,-72.5979752,4,0
36221e3a-366f-38b7-9b51-02c073c46397,a25107f7-f4f5-36fc-98e4-f3e1b5875c91,Tracy345 Wilderman619,M,GENERAL PRACTICE,1285 BEACON ST,WOBURN,MA,018012157,42.4979478,-71.1684508,10,0
7ccd67e5-7094-3d48-8f29-077eb275bc8f,0e6c3ad1-24c1-34cb-bb6d-e8438fa319e2,Vern731 Casper496,M,GENERAL PRACTICE,50 DODGE ST,SWAMPSCOTT,MA,019071300,42.4699241,-70.9171507,6,0
68fb07a3-ad6d-3d4c-bc13-8a2244e444a4,bdd9ad72-443a-3563-a626-4c45f6d058b2,Angele108 Bogan287,F,GENERAL PRACTICE,147 PELHAM STREET,WORCESTER,MA,016072105,42.265209,-71.814005,3,0
6ba935d6-ec52-307d-8e68-07701c017dd1,83769f98-fff3-3535-8781-6ace5957136f,Harland508 Breitenberg711,M,GENERAL PRACTICE,115 NORTH AVENUE,ROCKLAND,MA,023702129,42.13496385,-70.92237824494691,9,0
f777659e-4ac8-36e1-a907-4916e0dc94ca,0e3a24c3-b772-3059-b3fd-8a4710068a82,Jorge203 Castellanos521,M,GENERAL PRACTICE,416 BROADWAY,RAYNHAM,MA,027671737,41.940680799999996,-71.07864352196617,28,0
ed986a31-4337-328c-b08e-8e39596ffed7,28d71598-85eb-3a0e-90c1-22e0be1af57c,Jodie811 Hermann103,F,GENERAL PRACTICE,38 MULBERRY ST STE 204,NORTHAMPTON,MA,010602832,42.35436315,-72.70256804599192,133,0
8bc8b7c1-5bf3-33fc-9ae4-95c36ef6066b,9adfae03-673d-365d-9052-f705098fa3e4,Sharilyn202 Wolff180,F,GENERAL PRACTICE,51 BLOSSOM ST,BOSTON,MA,021142699,42.36305545,-71.06643399281765,1205,0
d3ca3b93-2ed7-30ee-a04e-fbe625e5cfa2,46912be1-43b9-3c0c-9fbd-3d123f2eacc6,Vernita491 Kutch271,F,GENERAL PRACTICE,821 DANIEL SHAYS HWY,ATHOL,MA,013316903,42.572540548950265,-72.2674105528448,1,0
b296d918-15ba-3236-8114-195974d3a068,25431f9a-00e4-36d8-9810-4125328eec50,Kati243 Ruecker817,F,GENERAL PRACTICE,55 FRUIT ST,WALTHAM,MA,02451,42.3756401,-71.2358004,28,0
a22a9d50-4fda-3a5a-8498-a2a66a034d2e,89171335-b9c0-3326-98d6-a837d432b9fd,Marcela739 Alonzo487,F,GENERAL PRACTICE,150 FLANDERS ROAD,LYNN,MA,019042915,42.466763,-70.9494939,94,0
c9f1c530-7385-34d0-a5cb-d88a5b7517de,01bde980-bf89-3138-8912-7360dff33247,Caroline183 Lang846,F,GENERAL PRACTICE,456 PARK AVE,WORCESTER,MA,016101254,42.25512735,-71.82580924803523,8,0
3ab44a65-eb6b-3611-bfd8-ca0f0c5ff7d2,217cb6f6-e822-3831-9d9d-ffa104971042,Luther918 Jakubowski832,M,GENERAL PRACTICE,2 REHABILITATION WAY,WOBURN,MA,018016003,42.46352265,-71.161925472006,294,0
a8fc8ac3-107e-3501-859e-43fb8f160016,e2a8b444-9b8f-36ff-84c4-05ee98589482,Elmer371 Gusikowski974,M,GENERAL PRACTICE,8 SHIPWAY PL # C-8,CHARLESTOWN,MA,021294301,42.3778749,-71.0619957,134,0
34e12a92-8c60-3537-a0f9-65841a969240,121b0ad1-1beb-3caa-9271-3d3f726bb727,Kyoko885 Price929,F,GENERAL PRACTICE,1030 MAIN STREET,WALTHAM,MA,024517447,42.375828,-71.2527956,9,0
7732cc9e-158e-3531-b7a9-8aa8bda335a8,9ba25035-53e5-344b-9b9e-94331a58d1d4,Edwin773 Schultz619,M,GENERAL PRACTICE,420 MAIN ST,WALPOLE,MA,020812553,42.161882199999994,-71.2388707178431,8,0
5f7f90da-0063-385e-901d-1f732ee5f39f,0a2252ba-33de-322f-8f0a-e5b0141f1780,Hue920 Block661,F,GENERAL PRACTICE,632 BLUE  HILL AVENUE,DORCHESTER,MA,021213213,42.2941088,-71.0885355,8,0
4e328673-a49d-363a-aecd-f9b28062f34d,4f029aea-a3f7-3429-a477-45cfe183c3f9,Marchelle563 Lesch175,F,GENERAL PRACTICE,1675 NORTH MAIN STREET,LANCASTER,MA,015232405,42.4761132,-71.6873032,2,0
2c4f2ce0-6990-36ac-9e08-5eebb4618681,f539dc91-4c3b-3c46-be61-7f10b6eb8471,Mitsuko474 Carter549,F,GENERAL PRACTICE,45 WOBURN ST,WALTHAM,MA,024527919,42.407845949999995,-71.21867165257288,1,0
b3e510e2-4113-3b8c-9f14-415612f88397,b954c464-11ea-312b-a3f8-1350775bfa54,Hortensia953 Walker122,F,GENERAL PRACTICE,123 CAPTAIN'S ROW,CHELSEA,MA,021504019,42.3917638,-71.0328284,4,0
b780dd8d-6aa8-3672-8559-0ddd9aa45d10,4d3ec6c2-f6aa-3d7b-adcc-e7107dac8530,Armand155 Schultz619,M,GENERAL PRACTICE,14 MASONIC CIRCLE,AUBURN,MA,015011341,42.181923125,-71.86839612499999,6,0
56404686-3990-3dc2-a6fc-d8606e0be57e,19f958ef-57cf-33c1-b068-14b32a980813,Jordon466 Bruen238,M,GENERAL PRACTICE,155 BROADWAY RD,DRACUT,MA,018262754,42.67578279999999,-71.29320171860073,68,0
822a60d2-5a18-3820-93de-96fcd850d1f6,91808f17-7583-32a3-aa55-23b131b327c7,Leonie332 Wunsch504,F,GENERAL PRACTICE,200 CORDWAINER DR,NORWELL,MA,020611671,42.16352995,-70.8846291501739,41,0
9104fc29-c081-3332-aca2-430820af62ff,587f07bd-7d69-3291-9aea-abef74f30045,Pearl430 Davis923,F,GENERAL PRACTICE,228 ALMONT ST,MATTAPAN,MA,021261487,42.2805395,-71.09839825,94,0
3e09d4e6-a95e-3bc7-89b2-5e5c0906e602,76baa51d-0d0f-359d-a07b-7b999a43d42e,Dong972 Gibson10,F,GENERAL PRACTICE,101 STATION DR STE 240,WESTWOOD,MA,020902336,42.20728361922244,-71.15698168263435,30,0
04e162d3-37e4-32fe-90ea-e277d5678657,02d7b144-352f-3eac-97db-6fc4a95bf1fa,Greta919 Reinger292,F,GENERAL PRACTICE,120 SEMINARY AVENUE,AUBURNDALE,MA,024662650,42.34002614299451,-71.24911543639162,2,0
d3e58c21-4611-3588-9fe2-7a9a181aa2c0,53f086de-2fc7-3d35-92c2-aca4ed944e7f,Carisa395 Kutch271,F,GENERAL PRACTICE,1 GENERAL ST,LAWRENCE,MA,018412961,42.7097143,-71.15007700778098,37,0
22fc9e66-0265-3497-8bb9-db33ad7c6979,c709c5eb-ddd7-3778-84f7-0931a4d1c718,Carmelina668 Goyette777,F,GENERAL PRACTICE,1200 CENTRE ST,ROSLINDALE,MA,021311000,42.29768,-71.130463,83,0
9405d055-7cb4-3446-ba65-7361062fe5a6,c05d73d0-b348-32ce-9fe5-13a720950f37,Rema399 McDermott739,F,GENERAL PRACTICE,45 DRUM HILL RD,CHELMSFORD,MA,018241503,42.6255635,-71.3615131,17,0
d4c98352-f3a8-3f33-826c-cec8614d1459,c0cc8f8d-a479-3f83-9e1f-1fd556b944ef,Lucas404 Rosas160,M,GENERAL PRACTICE,250 PARADISE RD,SWAMPSCOTT,MA,01907,42.47638005,-70.91253402512964,35,0
95a689d7-a5b3-344b-a394-c072e3692d7b,de3cc142-803a-3ed4-8945-75ec88a84784,Brittni468 Trantow673,F,GENERAL PRACTICE,51 HOSPITAL ROAD,BALDWINVILLE,MA,014361215,42.6108483,-72.0608364,6,0
2a49ddca-825c-3639-b867-24d56673e852,0592d4e5-a0fb-3143-83cd-8e5a6b066a96,Anderson154 Lemke654,M,GENERAL PRACTICE,20 EAST ST,HANOVER,MA,023391638,42.1278249,-70.82664947485381,111,0
d34f84b2-24f2-32bd-ad42-69875a83fffe,6b9c5830-a278-38ff-887f-ccefd74cf8e8,Fawn386 Hettinger594,F,GENERAL PRACTICE,184 LINCOLN STREET,NORTH EASTON,MA,023561799,42.06665855,-71.11947646404934,6,0
df9cdb79-2165-37c9-a46a-82dd4fe807e7,ba07b31b-bf14-39b8-be95-4c5ca5062daa,Kim439 Hyatt152,M,GENERAL PRACTICE,1575 CAMBRIDGE ST,CAMBRIDGE,MA,021384308,42.375209549999994,-71.10711344152975,46,0
7a8d3e18-00a1-32b3-bf76-36f24c47b648,6aae7a31-90df-3455-ad8d-81f8cf2d21e8,Houston994 Funk324,M,GENERAL PRACTICE,680 CENTRE ST,BROCKTON,MA,023023308,42.0872752,-70.9910738855076,38,0
